description,start_date,end_date,zones
Vacances de la Toussaint,2017-10-20 22:00:00+00:00,2017-11-05 23:00:00+00:00,Zone A
Vacances de la Toussaint,2017-10-20 22:00:00+00:00,2017-11-05 23:00:00+00:00,Zone A
Vacances de Noël,2017-12-22 23:00:00+00:00,2018-01-07 23:00:00+00:00,Zone A
Vacances de Noël,2017-12-22 23:00:00+00:00,2018-01-07 23:00:00+00:00,Zone A
Vacances d'Hiver,2018-02-09 23:00:00+00:00,2018-02-25 23:00:00+00:00,Zone A
Vacances d'Hiver,2018-02-09 23:00:00+00:00,2018-02-25 23:00:00+00:00,Zone A
Vacances d'Hiver,2018-02-09 23:00:00+00:00,2018-02-25 23:00:00+00:00,Zone A
Vacances d'Hiver,2018-02-09 23:00:00+00:00,2018-02-25 23:00:00+00:00,Zone A
Vacances d'Hiver,2018-02-09 23:00:00+00:00,2018-02-25 23:00:00+00:00,Zone A
Vacances de Printemps,2018-04-06 22:00:00+00:00,2018-04-22 22:00:00+00:00,Zone A
Vacances d'Été,2018-07-06 22:00:00+00:00,2018-08-30 22:00:00+00:00,Zone A
Vacances de la Toussaint,2018-10-19 22:00:00+00:00,2018-11-04 23:00:00+00:00,Zone A
Vacances de la Toussaint,2018-10-19 22:00:00+00:00,2018-11-04 23:00:00+00:00,Zone A
Vacances d'Hiver,2019-02-15 23:00:00+00:00,2019-03-03 23:00:00+00:00,Zone A
Vacances de Printemps,2019-04-12 22:00:00+00:00,2019-04-28 22:00:00+00:00,Zone A
Vacances de Printemps,2019-04-12 22:00:00+00:00,2019-04-28 22:00:00+00:00,Zone A
Pont de l'Ascension,2019-05-28 22:00:00+00:00,2019-06-02 22:00:00+00:00,Zone A
Vacances d'Été,2019-07-05 22:00:00+00:00,2019-09-01 22:00:00+00:00,Zone A
Vacances d'Été,2019-07-05 22:00:00+00:00,2019-09-01 22:00:00+00:00,Zone A
Vacances d'Été,2019-07-05 22:00:00+00:00,2019-09-01 22:00:00+00:00,Zone A
Vacances d'Été,2019-07-05 22:00:00+00:00,2019-08-29 22:00:00+00:00,Zone A
Vacances d'Été,2019-07-05 22:00:00+00:00,2019-08-29 22:00:00+00:00,Zone A
Vacances d'Été,2019-07-05 22:00:00+00:00,2019-08-29 22:00:00+00:00,Zone A
Vacances d'Été,2019-07-05 22:00:00+00:00,2019-08-29 22:00:00+00:00,Zone A
Vacances de la Toussaint,2019-10-18 22:00:00+00:00,2019-11-03 23:00:00+00:00,Zone A
Vacances de Noël,2019-12-20 23:00:00+00:00,2020-01-05 23:00:00+00:00,Zone A
Vacances de Printemps,2020-04-17 22:00:00+00:00,2020-05-03 22:00:00+00:00,Zone A
Vacances de Printemps,2020-04-17 22:00:00+00:00,2020-05-03 22:00:00+00:00,Zone A
Pont de l'Ascension,2020-05-19 22:00:00+00:00,2020-05-24 22:00:00+00:00,Zone A
Pont de l'Ascension,2020-05-19 22:00:00+00:00,2020-05-24 22:00:00+00:00,Zone A
Vacances d'Été,2020-07-03 22:00:00+00:00,2020-08-31 22:00:00+00:00,Zone A
Vacances d'Été,2020-07-03 22:00:00+00:00,2020-08-31 22:00:00+00:00,Zone A
Vacances d'Été,2020-07-03 22:00:00+00:00,2020-08-31 22:00:00+00:00,Zone A
Vacances d'Été,2020-07-03 22:00:00+00:00,2020-08-31 22:00:00+00:00,Zone A
Vacances d'Été,2020-07-03 22:00:00+00:00,2020-08-30 22:00:00+00:00,Zone A
Vacances d'Été,2020-07-03 22:00:00+00:00,2020-08-30 22:00:00+00:00,Zone A
Vacances de Noël,2020-12-18 23:00:00+00:00,2021-01-03 23:00:00+00:00,Zone A
Vacances de Noël,2020-12-18 23:00:00+00:00,2021-01-03 23:00:00+00:00,Zone A
Vacances de Noël,2020-12-18 23:00:00+00:00,2021-01-03 23:00:00+00:00,Zone A
Vacances de Noël,2020-12-18 23:00:00+00:00,2021-01-03 23:00:00+00:00,Zone A
Vacances d'Hiver,2021-02-05 23:00:00+00:00,2021-02-21 23:00:00+00:00,Zone A
Vacances de Printemps,2021-04-09 22:00:00+00:00,2021-04-25 22:00:00+00:00,Zone A
Vacances de Printemps,2021-04-09 22:00:00+00:00,2021-04-25 22:00:00+00:00,Zone A
Vacances de Printemps,2021-04-09 22:00:00+00:00,2021-04-25 22:00:00+00:00,Zone A
Pont de l'Ascension,2021-05-12 22:00:00+00:00,2021-05-16 22:00:00+00:00,Zone A
Pont de l'Ascension,2021-05-12 22:00:00+00:00,2021-05-16 22:00:00+00:00,Zone A
Vacances d'Été,2021-07-05 22:00:00+00:00,2021-08-31 22:00:00+00:00,Zone A
Vacances de la Toussaint,2021-10-22 22:00:00+00:00,2021-11-07 23:00:00+00:00,Zone A
Vacances de Noël,2021-12-17 23:00:00+00:00,2022-01-02 23:00:00+00:00,Zone A
Vacances de Printemps,2022-04-15 22:00:00+00:00,2022-05-01 22:00:00+00:00,Zone A
Vacances de Printemps,2022-04-15 22:00:00+00:00,2022-05-01 22:00:00+00:00,Zone A
Pont de l'Ascension,2022-05-25 22:00:00+00:00,2022-05-29 22:00:00+00:00,Zone A
Pont de l'Ascension,2022-05-25 22:00:00+00:00,2022-05-29 22:00:00+00:00,Zone A
Vacances d'Été,2022-07-06 22:00:00+00:00,2022-08-31 22:00:00+00:00,Zone A
Vacances d'Été,2022-07-06 22:00:00+00:00,2022-08-31 22:00:00+00:00,Zone A
Vacances d'Été,2022-07-06 22:00:00+00:00,2022-08-31 22:00:00+00:00,Zone A
Vacances d'Été,2022-07-06 22:00:00+00:00,2022-08-30 22:00:00+00:00,Zone A
Vacances de la Toussaint,2022-10-21 22:00:00+00:00,2022-11-06 23:00:00+00:00,Zone A
Vacances de la Toussaint,2022-10-21 22:00:00+00:00,2022-11-06 23:00:00+00:00,Zone A
Vacances de la Toussaint,2022-10-21 22:00:00+00:00,2022-11-06 23:00:00+00:00,Zone A
Vacances de Noël,2022-12-16 23:00:00+00:00,2023-01-02 23:00:00+00:00,Zone A
Vacances d'Hiver,2023-02-03 23:00:00+00:00,2023-02-19 23:00:00+00:00,Zone A
Pont de l'Ascension,2023-05-17 22:00:00+00:00,2023-05-21 22:00:00+00:00,Zone A
Pont de l'Ascension,2023-05-17 22:00:00+00:00,2023-05-21 22:00:00+00:00,Zone A
Pont de l'Ascension,2023-05-17 22:00:00+00:00,2023-05-21 22:00:00+00:00,Zone A
Pont de l'Ascension,2023-05-17 22:00:00+00:00,2023-05-21 22:00:00+00:00,Zone A
Vacances d'Été,2023-07-07 22:00:00+00:00,2023-09-03 22:00:00+00:00,Zone A
Vacances d'Été,2023-07-07 22:00:00+00:00,2023-08-31 22:00:00+00:00,Zone A
Vacances de la Toussaint,2023-10-20 22:00:00+00:00,2023-11-05 23:00:00+00:00,Zone A
Vacances de la Toussaint,2023-10-20 22:00:00+00:00,2023-11-05 23:00:00+00:00,Zone A
Vacances de Noël,2023-12-22 23:00:00+00:00,2024-01-07 23:00:00+00:00,Zone A
Vacances de Noël,2023-12-22 23:00:00+00:00,2024-01-07 23:00:00+00:00,Zone A
Vacances de Noël,2023-12-22 23:00:00+00:00,2024-01-07 23:00:00+00:00,Zone A
Vacances de Noël,2023-12-22 23:00:00+00:00,2024-01-07 23:00:00+00:00,Zone A
Vacances de Noël,2023-12-22 23:00:00+00:00,2024-01-07 23:00:00+00:00,Zone A
Vacances de Noël,2023-12-22 23:00:00+00:00,2024-01-07 23:00:00+00:00,Zone A
Vacances d'Hiver,2024-02-16 23:00:00+00:00,2024-03-03 23:00:00+00:00,Zone A
Vacances d'Hiver,2024-02-16 23:00:00+00:00,2024-03-03 23:00:00+00:00,Zone A
Pont de l'Ascension,2024-05-08 22:00:00+00:00,2024-05-12 22:00:00+00:00,Zone A
Vacances d'Été,2024-07-05 22:00:00+00:00,2024-09-01 22:00:00+00:00,Zone A
Vacances de la Toussaint,2024-10-18 22:00:00+00:00,2024-11-03 23:00:00+00:00,Zone A
Vacances de Noël,2024-12-20 23:00:00+00:00,2025-01-05 23:00:00+00:00,Zone A
Vacances de Noël,2024-12-20 23:00:00+00:00,2025-01-05 23:00:00+00:00,Zone A
Vacances de Noël,2024-12-20 23:00:00+00:00,2025-01-05 23:00:00+00:00,Zone A
Vacances de Noël,2024-12-20 23:00:00+00:00,2025-01-05 23:00:00+00:00,Zone A
Vacances d'Hiver,2025-02-21 23:00:00+00:00,2025-03-09 23:00:00+00:00,Zone A
Vacances de Printemps,2025-04-18 22:00:00+00:00,2025-05-04 22:00:00+00:00,Zone A
Vacances de Printemps,2025-04-18 22:00:00+00:00,2025-05-04 22:00:00+00:00,Zone A
Pont de l'Ascension,2025-05-28 22:00:00+00:00,2025-06-01 22:00:00+00:00,Zone A
Vacances d'Été,2025-07-04 22:00:00+00:00,2025-08-31 22:00:00+00:00,Zone A
Vacances d'Été,2025-07-04 22:00:00+00:00,2025-08-31 22:00:00+00:00,Zone A
Vacances d'Été,2025-07-04 22:00:00+00:00,2025-08-28 22:00:00+00:00,Zone A
Vacances de la Toussaint,2025-10-17 22:00:00+00:00,2025-11-02 23:00:00+00:00,Zone A
Vacances de la Toussaint,2025-10-17 22:00:00+00:00,2025-11-02 23:00:00+00:00,Zone A
Vacances de Noël,2025-12-19 23:00:00+00:00,2026-01-04 23:00:00+00:00,Zone A
Vacances d'Hiver,2026-02-06 23:00:00+00:00,2026-02-22 23:00:00+00:00,Zone A
Vacances d'Hiver,2026-02-06 23:00:00+00:00,2026-02-22 23:00:00+00:00,Zone A
Vacances de Printemps,2026-04-03 22:00:00+00:00,2026-04-19 22:00:00+00:00,Zone A
Vacances de Printemps,2026-04-03 22:00:00+00:00,2026-04-19 22:00:00+00:00,Zone A
Pont de l'Ascension,2026-05-13 22:00:00+00:00,2026-05-17 22:00:00+00:00,Zone A
Pont de l'Ascension,2026-05-13 22:00:00+00:00,2026-05-17 22:00:00+00:00,Zone A
Pont de l'Ascension,2026-05-13 22:00:00+00:00,2026-05-17 22:00:00+00:00,Zone A
Vacances de la Toussaint,2017-10-20 22:00:00+00:00,2017-11-05 23:00:00+00:00,Zone B
Vacances de la Toussaint,2017-10-20 22:00:00+00:00,2017-11-05 23:00:00+00:00,Zone B
Vacances de la Toussaint,2017-10-20 22:00:00+00:00,2017-11-05 23:00:00+00:00,Zone B
Vacances de la Toussaint,2017-10-20 22:00:00+00:00,2017-11-05 23:00:00+00:00,Zone B
Vacances de la Toussaint,2017-10-20 22:00:00+00:00,2017-11-05 23:00:00+00:00,Zone B
Vacances de Noël,2017-12-22 23:00:00+00:00,2018-01-07 23:00:00+00:00,Zone B
Vacances de Noël,2017-12-22 23:00:00+00:00,2018-01-07 23:00:00+00:00,Zone B
Vacances d'Hiver,2018-02-23 23:00:00+00:00,2018-03-11 23:00:00+00:00,Zone B
Vacances d'Hiver,2018-02-23 23:00:00+00:00,2018-03-11 23:00:00+00:00,Zone B
Vacances d'Hiver,2018-02-23 23:00:00+00:00,2018-03-11 23:00:00+00:00,Zone B
Vacances de Printemps,2018-04-20 22:00:00+00:00,2018-05-06 22:00:00+00:00,Zone B
Vacances de Printemps,2018-04-20 22:00:00+00:00,2018-05-06 22:00:00+00:00,Zone B
Vacances d'Été,2018-07-06 22:00:00+00:00,2018-09-02 22:00:00+00:00,Zone B
Vacances d'Été,2018-07-06 22:00:00+00:00,2018-08-30 22:00:00+00:00,Zone B
Vacances de la Toussaint,2018-10-19 22:00:00+00:00,2018-11-04 23:00:00+00:00,Zone B
Vacances de la Toussaint,2018-10-19 22:00:00+00:00,2018-11-04 23:00:00+00:00,Zone B
Vacances de Noël,2018-12-21 23:00:00+00:00,2019-01-06 23:00:00+00:00,Zone B
Vacances de Noël,2018-12-21 23:00:00+00:00,2019-01-06 23:00:00+00:00,Zone B
Vacances de Noël,2018-12-21 23:00:00+00:00,2019-01-06 23:00:00+00:00,Zone B
Vacances de Noël,2018-12-21 23:00:00+00:00,2019-01-06 23:00:00+00:00,Zone B
Vacances d'Hiver,2019-02-08 23:00:00+00:00,2019-02-24 23:00:00+00:00,Zone B
Vacances d'Hiver,2019-02-08 23:00:00+00:00,2019-02-24 23:00:00+00:00,Zone B
Vacances de Printemps,2019-04-05 22:00:00+00:00,2019-04-22 22:00:00+00:00,Zone B
Pont de l'Ascension,2019-05-28 22:00:00+00:00,2019-06-02 22:00:00+00:00,Zone B
Pont de l'Ascension,2019-05-28 22:00:00+00:00,2019-06-02 22:00:00+00:00,Zone B
Pont de l'Ascension,2019-05-28 22:00:00+00:00,2019-06-02 22:00:00+00:00,Zone B
Pont de l'Ascension,2019-05-28 22:00:00+00:00,2019-06-02 22:00:00+00:00,Zone B
Vacances d'Été,2019-07-05 22:00:00+00:00,2019-09-01 22:00:00+00:00,Zone B
Vacances d'Été,2019-07-05 22:00:00+00:00,2019-09-01 22:00:00+00:00,Zone B
Vacances d'Été,2019-07-05 22:00:00+00:00,2019-09-01 22:00:00+00:00,Zone B
Vacances d'Été,2019-07-05 22:00:00+00:00,2019-08-29 22:00:00+00:00,Zone B
Vacances d'Été,2019-07-05 22:00:00+00:00,2019-08-29 22:00:00+00:00,Zone B
Vacances d'Été,2019-07-05 22:00:00+00:00,2019-08-29 22:00:00+00:00,Zone B
Vacances d'Été,2019-07-05 22:00:00+00:00,2019-08-29 22:00:00+00:00,Zone B
Vacances de la Toussaint,2019-10-18 22:00:00+00:00,2019-11-03 23:00:00+00:00,Zone B
Vacances de la Toussaint,2019-10-18 22:00:00+00:00,2019-11-03 23:00:00+00:00,Zone B
Vacances de la Toussaint,2019-10-18 22:00:00+00:00,2019-11-03 23:00:00+00:00,Zone B
Vacances de Noël,2019-12-20 23:00:00+00:00,2020-01-05 23:00:00+00:00,Zone B
Vacances de Noël,2019-12-20 23:00:00+00:00,2020-01-05 23:00:00+00:00,Zone B
Vacances d'Hiver,2020-02-14 23:00:00+00:00,2020-03-01 23:00:00+00:00,Zone B
Vacances d'Hiver,2020-02-14 23:00:00+00:00,2020-03-01 23:00:00+00:00,Zone B
Vacances d'Hiver,2020-02-14 23:00:00+00:00,2020-03-01 23:00:00+00:00,Zone B
Vacances d'Hiver,2020-02-14 23:00:00+00:00,2020-03-01 23:00:00+00:00,Zone B
Vacances d'Hiver,2020-02-14 23:00:00+00:00,2020-03-01 23:00:00+00:00,Zone B
Vacances de Printemps,2020-04-10 22:00:00+00:00,2020-04-26 22:00:00+00:00,Zone B
Pont de l'Ascension,2020-05-19 22:00:00+00:00,2020-05-24 22:00:00+00:00,Zone B
Pont de l'Ascension,2020-05-19 22:00:00+00:00,2020-05-24 22:00:00+00:00,Zone B
Pont de l'Ascension,2020-05-19 22:00:00+00:00,2020-05-24 22:00:00+00:00,Zone B
Vacances d'Été,2020-07-03 22:00:00+00:00,2020-08-31 22:00:00+00:00,Zone B
Vacances d'Été,2020-07-03 22:00:00+00:00,2020-08-31 22:00:00+00:00,Zone B
Vacances d'Été,2020-07-03 22:00:00+00:00,2020-08-30 22:00:00+00:00,Zone B
Vacances d'Été,2020-07-03 22:00:00+00:00,2020-08-30 22:00:00+00:00,Zone B
Vacances de la Toussaint,2020-10-16 22:00:00+00:00,2020-11-01 23:00:00+00:00,Zone B
Vacances de Noël,2020-12-18 23:00:00+00:00,2021-01-03 23:00:00+00:00,Zone B
Vacances d'Hiver,2021-02-19 23:00:00+00:00,2021-03-07 23:00:00+00:00,Zone B
Vacances d'Hiver,2021-02-19 23:00:00+00:00,2021-03-07 23:00:00+00:00,Zone B
Vacances de Printemps,2021-04-09 22:00:00+00:00,2021-04-25 22:00:00+00:00,Zone B
Pont de l'Ascension,2021-05-12 22:00:00+00:00,2021-05-16 22:00:00+00:00,Zone B
Pont de l'Ascension,2021-05-12 22:00:00+00:00,2021-05-16 22:00:00+00:00,Zone B
Vacances d'Été,2021-07-05 22:00:00+00:00,2021-09-01 22:00:00+00:00,Zone B
Vacances d'Été,2021-07-05 22:00:00+00:00,2021-09-01 22:00:00+00:00,Zone B
Vacances d'Été,2021-07-05 22:00:00+00:00,2021-09-01 22:00:00+00:00,Zone B
Vacances d'Été,2021-07-05 22:00:00+00:00,2021-08-31 22:00:00+00:00,Zone B
Vacances d'Été,2021-07-05 22:00:00+00:00,2021-08-31 22:00:00+00:00,Zone B
Vacances d'Été,2021-07-05 22:00:00+00:00,2021-08-31 22:00:00+00:00,Zone B
Vacances de la Toussaint,2021-10-22 22:00:00+00:00,2021-11-07 23:00:00+00:00,Zone B
Vacances de la Toussaint,2021-10-22 22:00:00+00:00,2021-11-07 23:00:00+00:00,Zone B
Vacances de Noël,2021-12-17 23:00:00+00:00,2022-01-02 23:00:00+00:00,Zone B
Vacances d'Hiver,2022-02-04 23:00:00+00:00,2022-02-20 23:00:00+00:00,Zone B
Vacances de Printemps,2022-04-08 22:00:00+00:00,2022-04-24 22:00:00+00:00,Zone B
Vacances de Printemps,2022-04-08 22:00:00+00:00,2022-04-24 22:00:00+00:00,Zone B
Pont de l'Ascension,2022-05-25 22:00:00+00:00,2022-05-29 22:00:00+00:00,Zone B
Vacances d'Été,2022-07-06 22:00:00+00:00,2022-08-31 22:00:00+00:00,Zone B
Vacances d'Été,2022-07-06 22:00:00+00:00,2022-08-31 22:00:00+00:00,Zone B
Vacances d'Été,2022-07-06 22:00:00+00:00,2022-08-31 22:00:00+00:00,Zone B
Vacances d'Été,2022-07-06 22:00:00+00:00,2022-08-31 22:00:00+00:00,Zone B
Vacances d'Été,2022-07-06 22:00:00+00:00,2022-08-31 22:00:00+00:00,Zone B
Vacances d'Été,2022-07-06 22:00:00+00:00,2022-08-31 22:00:00+00:00,Zone B
Vacances de la Toussaint,2022-10-21 22:00:00+00:00,2022-11-06 23:00:00+00:00,Zone B
Vacances de la Toussaint,2022-10-21 22:00:00+00:00,2022-11-06 23:00:00+00:00,Zone B
Vacances de Noël,2022-12-16 23:00:00+00:00,2023-01-02 23:00:00+00:00,Zone B
Vacances de Noël,2022-12-16 23:00:00+00:00,2023-01-02 23:00:00+00:00,Zone B
Vacances de Noël,2022-12-16 23:00:00+00:00,2023-01-02 23:00:00+00:00,Zone B
Vacances d'Hiver,2023-02-10 23:00:00+00:00,2023-02-26 23:00:00+00:00,Zone B
Vacances d'Hiver,2023-02-10 23:00:00+00:00,2023-02-26 23:00:00+00:00,Zone B
Vacances de Printemps,2023-04-14 22:00:00+00:00,2023-05-01 22:00:00+00:00,Zone B
Vacances de Printemps,2023-04-14 22:00:00+00:00,2023-05-01 22:00:00+00:00,Zone B
Vacances de Printemps,2023-04-14 22:00:00+00:00,2023-05-01 22:00:00+00:00,Zone B
Vacances de Printemps,2023-04-14 22:00:00+00:00,2023-05-01 22:00:00+00:00,Zone B
Vacances de Printemps,2023-04-14 22:00:00+00:00,2023-05-01 22:00:00+00:00,Zone B
Vacances de Printemps,2023-04-14 22:00:00+00:00,2023-05-01 22:00:00+00:00,Zone B
Pont de l'Ascension,2023-05-17 22:00:00+00:00,2023-05-21 22:00:00+00:00,Zone B
Pont de l'Ascension,2023-05-17 22:00:00+00:00,2023-05-21 22:00:00+00:00,Zone B
Pont de l'Ascension,2023-05-17 22:00:00+00:00,2023-05-21 22:00:00+00:00,Zone B
Vacances d'Été,2023-07-07 22:00:00+00:00,2023-08-31 22:00:00+00:00,Zone B
Vacances d'Été,2023-07-07 22:00:00+00:00,2023-08-31 22:00:00+00:00,Zone B
Vacances de la Toussaint,2023-10-20 22:00:00+00:00,2023-11-05 23:00:00+00:00,Zone B
Vacances de la Toussaint,2023-10-20 22:00:00+00:00,2023-11-05 23:00:00+00:00,Zone B
Vacances de la Toussaint,2023-10-20 22:00:00+00:00,2023-11-05 23:00:00+00:00,Zone B
Vacances de la Toussaint,2023-10-20 22:00:00+00:00,2023-11-05 23:00:00+00:00,Zone B
Vacances de Noël,2023-12-22 23:00:00+00:00,2024-01-07 23:00:00+00:00,Zone B
Vacances d'Hiver,2024-02-23 23:00:00+00:00,2024-03-10 23:00:00+00:00,Zone B
Vacances d'Hiver,2024-02-23 23:00:00+00:00,2024-03-10 23:00:00+00:00,Zone B
Vacances de Printemps,2024-04-19 22:00:00+00:00,2024-05-05 22:00:00+00:00,Zone B
Vacances de Printemps,2024-04-19 22:00:00+00:00,2024-05-05 22:00:00+00:00,Zone B
Pont de l'Ascension,2024-05-08 22:00:00+00:00,2024-05-12 22:00:00+00:00,Zone B
Vacances d'Été,2024-07-05 22:00:00+00:00,2024-09-01 22:00:00+00:00,Zone B
Vacances d'Été,2024-07-05 22:00:00+00:00,2024-09-01 22:00:00+00:00,Zone B
Vacances d'Été,2024-07-05 22:00:00+00:00,2024-09-01 22:00:00+00:00,Zone B
Vacances d'Été,2024-07-05 22:00:00+00:00,2024-08-29 22:00:00+00:00,Zone B
Vacances d'Été,2024-07-05 22:00:00+00:00,2024-08-29 22:00:00+00:00,Zone B
Vacances d'Été,2024-07-05 22:00:00+00:00,2024-08-29 22:00:00+00:00,Zone B
Vacances de la Toussaint,2024-10-18 22:00:00+00:00,2024-11-03 23:00:00+00:00,Zone B
Vacances de la Toussaint,2024-10-18 22:00:00+00:00,2024-11-03 23:00:00+00:00,Zone B
Vacances de Noël,2024-12-20 23:00:00+00:00,2025-01-05 23:00:00+00:00,Zone B
Vacances de Noël,2024-12-20 23:00:00+00:00,2025-01-05 23:00:00+00:00,Zone B
Vacances de Noël,2024-12-20 23:00:00+00:00,2025-01-05 23:00:00+00:00,Zone B
Vacances de Noël,2024-12-20 23:00:00+00:00,2025-01-05 23:00:00+00:00,Zone B
Vacances d'Hiver,2025-02-07 23:00:00+00:00,2025-02-23 23:00:00+00:00,Zone B
Vacances d'Hiver,2025-02-07 23:00:00+00:00,2025-02-23 23:00:00+00:00,Zone B
Vacances d'Hiver,2025-02-07 23:00:00+00:00,2025-02-23 23:00:00+00:00,Zone B
Vacances de Printemps,2025-04-04 22:00:00+00:00,2025-04-21 22:00:00+00:00,Zone B
Vacances de Printemps,2025-04-04 22:00:00+00:00,2025-04-21 22:00:00+00:00,Zone B
Vacances de Printemps,2025-04-04 22:00:00+00:00,2025-04-21 22:00:00+00:00,Zone B
Pont de l'Ascension,2025-05-28 22:00:00+00:00,2025-06-01 22:00:00+00:00,Zone B
Pont de l'Ascension,2025-05-28 22:00:00+00:00,2025-06-01 22:00:00+00:00,Zone B
Pont de l'Ascension,2025-05-28 22:00:00+00:00,2025-06-01 22:00:00+00:00,Zone B
Vacances d'Été,2025-07-04 22:00:00+00:00,2025-08-31 22:00:00+00:00,Zone B
Vacances d'Été,2025-07-04 22:00:00+00:00,2025-08-31 22:00:00+00:00,Zone B
Vacances d'Été,2025-07-04 22:00:00+00:00,2025-08-31 22:00:00+00:00,Zone B
Vacances d'Été,2025-07-04 22:00:00+00:00,2025-08-31 22:00:00+00:00,Zone B
Vacances d'Été,2025-07-04 22:00:00+00:00,2025-08-31 22:00:00+00:00,Zone B
Vacances d'Été,2025-07-04 22:00:00+00:00,2025-08-28 22:00:00+00:00,Zone B
Vacances d'Été,2025-07-04 22:00:00+00:00,2025-08-28 22:00:00+00:00,Zone B
Vacances d'Été,2025-07-04 22:00:00+00:00,2025-08-28 22:00:00+00:00,Zone B
Vacances d'Été,2025-07-04 22:00:00+00:00,2025-08-28 22:00:00+00:00,Zone B
Vacances de la Toussaint,2025-10-17 22:00:00+00:00,2025-11-02 23:00:00+00:00,Zone B
Vacances de Noël,2025-12-19 23:00:00+00:00,2026-01-04 23:00:00+00:00,Zone B
Vacances de Noël,2025-12-19 23:00:00+00:00,2026-01-04 23:00:00+00:00,Zone B
Vacances d'Hiver,2026-02-13 23:00:00+00:00,2026-03-01 23:00:00+00:00,Zone B
Vacances d'Hiver,2026-02-13 23:00:00+00:00,2026-03-01 23:00:00+00:00,Zone B
Vacances d'Hiver,2026-02-13 23:00:00+00:00,2026-03-01 23:00:00+00:00,Zone B
Vacances d'Hiver,2026-02-13 23:00:00+00:00,2026-03-01 23:00:00+00:00,Zone B
Pont de l'Ascension,2026-05-13 22:00:00+00:00,2026-05-17 22:00:00+00:00,Zone B
Pont de l'Ascension,2026-05-13 22:00:00+00:00,2026-05-17 22:00:00+00:00,Zone B
Pont de l'Ascension,2026-05-13 22:00:00+00:00,2026-05-17 22:00:00+00:00,Zone B
Pont de l'Ascension,2026-05-13 22:00:00+00:00,2026-05-17 22:00:00+00:00,Zone B
Pont de l'Ascension,2026-05-13 22:00:00+00:00,2026-05-17 22:00:00+00:00,Zone B
Pont de l'Ascension,2026-05-13 22:00:00+00:00,2026-05-17 22:00:00+00:00,Zone B
Début des Vacances d'Été,2026-07-03 22:00:00+00:00,2026-07-03 22:00:00+00:00,Zone B
Début des Vacances d'Été,2026-07-03 22:00:00+00:00,2026-07-03 22:00:00+00:00,Zone B
Vacances d'Hiver,2018-02-16 23:00:00+00:00,2018-03-04 23:00:00+00:00,Zone C
Vacances de Printemps,2018-04-13 22:00:00+00:00,2018-04-29 22:00:00+00:00,Zone C
Vacances de Printemps,2018-04-13 22:00:00+00:00,2018-04-29 22:00:00+00:00,Zone C
Vacances d'Été,2018-07-06 22:00:00+00:00,2018-09-02 22:00:00+00:00,Zone C
Vacances d'Été,2018-07-06 22:00:00+00:00,2018-09-02 22:00:00+00:00,Zone C
Vacances d'Été,2018-07-06 22:00:00+00:00,2018-09-02 22:00:00+00:00,Zone C
Vacances d'Été,2018-07-06 22:00:00+00:00,2018-08-30 22:00:00+00:00,Zone C
Vacances d'Été,2018-07-06 22:00:00+00:00,2018-08-30 22:00:00+00:00,Zone C
Vacances d'Hiver,2019-02-22 23:00:00+00:00,2019-03-10 23:00:00+00:00,Zone C
Pont de l'Ascension,2019-05-28 22:00:00+00:00,2019-06-02 22:00:00+00:00,Zone C
Vacances de la Toussaint,2019-10-18 22:00:00+00:00,2019-11-03 23:00:00+00:00,Zone C
Vacances d'Hiver,2020-02-07 23:00:00+00:00,2020-02-23 23:00:00+00:00,Zone C
Vacances de Printemps,2020-04-03 22:00:00+00:00,2020-04-19 22:00:00+00:00,Zone C
Vacances d'Été,2020-07-03 22:00:00+00:00,2020-08-30 22:00:00+00:00,Zone C
Vacances de la Toussaint,2020-10-16 22:00:00+00:00,2020-11-01 23:00:00+00:00,Zone C
Vacances de la Toussaint,2020-10-16 22:00:00+00:00,2020-11-01 23:00:00+00:00,Zone C
Vacances de Noël,2020-12-18 23:00:00+00:00,2021-01-03 23:00:00+00:00,Zone C
Vacances d'Hiver,2021-02-12 23:00:00+00:00,2021-02-28 23:00:00+00:00,Zone C
Pont de l'Ascension,2021-05-12 22:00:00+00:00,2021-05-16 22:00:00+00:00,Zone C
Vacances d'Été,2021-07-05 22:00:00+00:00,2021-09-01 22:00:00+00:00,Zone C
Vacances de la Toussaint,2021-10-22 22:00:00+00:00,2021-11-07 23:00:00+00:00,Zone C
Vacances de Noël,2021-12-17 23:00:00+00:00,2022-01-02 23:00:00+00:00,Zone C
Vacances de Noël,2021-12-17 23:00:00+00:00,2022-01-02 23:00:00+00:00,Zone C
Vacances d'Hiver,2022-02-18 23:00:00+00:00,2022-03-06 23:00:00+00:00,Zone C
Vacances d'Hiver,2022-02-18 23:00:00+00:00,2022-03-06 23:00:00+00:00,Zone C
Pont de l'Ascension,2022-05-25 22:00:00+00:00,2022-05-29 22:00:00+00:00,Zone C
Vacances d'Été,2022-07-06 22:00:00+00:00,2022-08-31 22:00:00+00:00,Zone C
Vacances d'Été,2022-07-06 22:00:00+00:00,2022-08-30 22:00:00+00:00,Zone C
Vacances d'Été,2022-07-06 22:00:00+00:00,2022-08-30 22:00:00+00:00,Zone C
Vacances de la Toussaint,2022-10-21 22:00:00+00:00,2022-11-06 23:00:00+00:00,Zone C
Pont de l'Ascension,2023-05-17 22:00:00+00:00,2023-05-21 22:00:00+00:00,Zone C
Pont de l'Ascension,2023-05-17 22:00:00+00:00,2023-05-21 22:00:00+00:00,Zone C
Vacances d'Été,2023-07-07 22:00:00+00:00,2023-09-03 22:00:00+00:00,Zone C
Vacances d'Été,2023-07-07 22:00:00+00:00,2023-09-03 22:00:00+00:00,Zone C
Vacances d'Été,2023-07-07 22:00:00+00:00,2023-08-31 22:00:00+00:00,Zone C
Vacances de la Toussaint,2023-10-20 22:00:00+00:00,2023-11-05 23:00:00+00:00,Zone C
Vacances de la Toussaint,2023-10-20 22:00:00+00:00,2023-11-05 23:00:00+00:00,Zone C
Vacances de la Toussaint,2023-10-20 22:00:00+00:00,2023-11-05 23:00:00+00:00,Zone C
Vacances de Noël,2023-12-22 23:00:00+00:00,2024-01-07 23:00:00+00:00,Zone C
Vacances de Noël,2023-12-22 23:00:00+00:00,2024-01-07 23:00:00+00:00,Zone C
Vacances de Printemps,2024-04-05 22:00:00+00:00,2024-04-21 22:00:00+00:00,Zone C
Vacances d'Été,2024-07-05 22:00:00+00:00,2024-08-29 22:00:00+00:00,Zone C
Vacances d'Été,2024-07-05 22:00:00+00:00,2024-08-29 22:00:00+00:00,Zone C
Pont de l'Ascension,2025-05-28 22:00:00+00:00,2025-06-01 22:00:00+00:00,Zone C
Pont de l'Ascension,2025-05-28 22:00:00+00:00,2025-06-01 22:00:00+00:00,Zone C
Vacances de Noël,2025-12-19 23:00:00+00:00,2026-01-04 23:00:00+00:00,Zone C
Vacances de Printemps,2026-04-17 22:00:00+00:00,2026-05-03 22:00:00+00:00,Zone C
Vacances de Printemps,2026-04-17 22:00:00+00:00,2026-05-03 22:00:00+00:00,Zone C
Vacances de Printemps,2026-04-17 22:00:00+00:00,2026-05-03 22:00:00+00:00,Zone C
Pont de l'Ascension,2026-05-13 22:00:00+00:00,2026-05-17 22:00:00+00:00,Zone C
Début des Vacances d'Été,2026-07-03 22:00:00+00:00,2026-07-03 22:00:00+00:00,Zone C
Vacances d'Été,2010-07-07 22:00:00+00:00,2010-09-08 22:00:00+00:00,Corse
Vacances de Printemps,2011-04-17 22:00:00+00:00,2011-05-01 22:00:00+00:00,Corse
Vacances de Noël,2011-12-18 23:00:00+00:00,2012-01-02 23:00:00+00:00,Corse
Vacances d'Hiver,2013-02-17 23:00:00+00:00,2013-03-03 23:00:00+00:00,Corse
Vacances d'Hiver,2014-02-23 23:00:00+00:00,2014-03-09 23:00:00+00:00,Corse
Vacances de Noël,2014-12-20 23:00:00+00:00,2015-01-04 23:00:00+00:00,Corse
Vacances de la Toussaint,2016-10-19 22:00:00+00:00,2016-11-02 23:00:00+00:00,Corse
Vacances d'Été,2017-07-11 22:00:00+00:00,2017-09-04 22:00:00+00:00,Corse
Vacances de Noël,2017-12-24 23:00:00+00:00,2018-01-07 23:00:00+00:00,Corse
Vacances d'Hiver,2018-02-25 23:00:00+00:00,2018-03-11 23:00:00+00:00,Corse
Vacances de la Toussaint,2020-10-16 22:00:00+00:00,2020-11-01 23:00:00+00:00,Corse
Vacances de Printemps,2021-04-16 22:00:00+00:00,2021-05-02 22:00:00+00:00,Corse
Vacances d'Été,2021-07-07 22:00:00+00:00,2021-09-01 22:00:00+00:00,Corse
Vacances de la Toussaint,2021-10-22 22:00:00+00:00,2021-11-07 23:00:00+00:00,Corse
Vacances de la Toussaint,2023-10-20 22:00:00+00:00,2023-11-05 23:00:00+00:00,Corse
Vacances de Printemps,2024-04-26 22:00:00+00:00,2024-05-12 22:00:00+00:00,Corse
Lundi de Pentecôte,2024-05-19 22:00:00+00:00,2024-05-19 22:00:00+00:00,Corse
Vacances de Noël,2024-12-20 23:00:00+00:00,2025-01-05 23:00:00+00:00,Corse
Vacances de Printemps,2025-04-11 22:00:00+00:00,2025-04-27 22:00:00+00:00,Corse
Vacances de la Toussaint,2017-10-24 22:00:00+00:00,2017-11-05 23:00:00+00:00,Saint Pierre et Miquelon
Vacances de Noël,2018-12-20 23:00:00+00:00,2019-01-06 23:00:00+00:00,Saint Pierre et Miquelon
Vacances de Printemps,2019-04-18 22:00:00+00:00,2019-05-05 22:00:00+00:00,Saint Pierre et Miquelon
Vacances d'Hiver,2020-02-20 23:00:00+00:00,2020-03-08 23:00:00+00:00,Saint Pierre et Miquelon
Vacances d'Été,2020-07-02 22:00:00+00:00,2020-09-02 22:00:00+00:00,Saint Pierre et Miquelon
Vacances de la Toussaint,2020-10-20 22:00:00+00:00,2020-11-01 23:00:00+00:00,Saint Pierre et Miquelon
Vacances d'Hiver,2024-02-22 23:00:00+00:00,2024-03-10 23:00:00+00:00,Saint Pierre et Miquelon
Vacances de Printemps,2024-04-18 22:00:00+00:00,2024-05-05 22:00:00+00:00,Saint Pierre et Miquelon
Début des Vacances d'Été,2025-07-02 22:00:00+00:00,2025-07-02 22:00:00+00:00,Saint Pierre et Miquelon
Vacances de la Toussaint,2019-10-18 22:00:00+00:00,2019-11-03 23:00:00+00:00,Guadeloupe
Vacances de Carnaval,2020-02-14 23:00:00+00:00,2020-03-01 23:00:00+00:00,Guadeloupe
Vacances de Carnaval,2021-02-08 23:00:00+00:00,2021-02-21 23:00:00+00:00,Guadeloupe
Vacances d'Été,2021-07-05 22:00:00+00:00,2021-09-12 22:00:00+00:00,Guadeloupe
Mi-carême,2022-03-23 23:00:00+00:00,2022-03-23 23:00:00+00:00,Guadeloupe
Vacances de Printemps,2022-04-12 22:00:00+00:00,2022-04-24 22:00:00+00:00,Guadeloupe
Pentecôte,2022-05-25 22:00:00+00:00,2022-05-25 22:00:00+00:00,Guadeloupe
Mi-carême,2023-03-15 23:00:00+00:00,2023-03-15 23:00:00+00:00,Guadeloupe
Abolition de l’esclavage,2023-05-26 22:00:00+00:00,2023-05-26 22:00:00+00:00,Guadeloupe
Pentecôte,2023-05-28 22:00:00+00:00,2023-05-28 22:00:00+00:00,Guadeloupe
Vacances d'Été,2023-07-07 22:00:00+00:00,2023-09-03 22:00:00+00:00,Guadeloupe
Vacances de la Toussaint,2024-10-21 22:00:00+00:00,2024-11-03 23:00:00+00:00,Guadeloupe
Vacances de Pâques,2025-04-16 22:00:00+00:00,2025-05-04 22:00:00+00:00,Guadeloupe
Semaine en mai,2025-05-25 22:00:00+00:00,2025-05-25 22:00:00+00:00,Guadeloupe
Semaine en mai,2025-05-26 22:00:00+00:00,2025-05-26 22:00:00+00:00,Guadeloupe
Semaine en mai,2025-05-29 22:00:00+00:00,2025-05-30 22:00:00+00:00,Guadeloupe
Vacances d'Été,2025-07-04 22:00:00+00:00,2025-08-28 22:00:00+00:00,Guadeloupe
Semaine en mai,2026-05-25 22:00:00+00:00,2026-05-25 22:00:00+00:00,Guadeloupe
Semaine en mai,2026-05-28 22:00:00+00:00,2026-05-28 22:00:00+00:00,Guadeloupe
Vacances de Noël,2017-12-19 23:00:00+00:00,2018-01-03 23:00:00+00:00,Martinique
Vacances de Printemps,2018-03-23 23:00:00+00:00,2018-04-08 22:00:00+00:00,Martinique
Pont de l'Ascension,2018-05-06 22:00:00+00:00,2018-05-13 22:00:00+00:00,Martinique
Pont de l'Ascension,2019-05-28 22:00:00+00:00,2019-06-02 22:00:00+00:00,Martinique
Vacances de Carnaval,2020-02-21 23:00:00+00:00,2020-03-08 23:00:00+00:00,Martinique
Vacances d'Été,2020-07-03 22:00:00+00:00,2020-08-31 22:00:00+00:00,Martinique
Vacances de Carnaval,2021-02-05 23:00:00+00:00,2021-02-21 23:00:00+00:00,Martinique
Pont de l'Ascension,2021-05-13 22:00:00+00:00,2021-05-16 22:00:00+00:00,Martinique
Vacances d'Été,2021-07-05 22:00:00+00:00,2021-09-01 22:00:00+00:00,Martinique
Pont de l'Ascension,2022-05-26 22:00:00+00:00,2022-05-29 22:00:00+00:00,Martinique
Vacances d'Été,2023-07-07 22:00:00+00:00,2023-08-31 22:00:00+00:00,Martinique
Vacances de Pâques,2024-03-22 23:00:00+00:00,2024-04-07 22:00:00+00:00,Martinique
Pont de l'Ascension,2024-05-08 22:00:00+00:00,2024-05-12 22:00:00+00:00,Martinique
Vacances de Carnaval,2025-02-21 23:00:00+00:00,2025-03-09 23:00:00+00:00,Martinique
Vacances de Noël,2017-12-22 23:00:00+00:00,2018-01-07 23:00:00+00:00,Guyane
Vacances de la Toussaint,2018-10-19 22:00:00+00:00,2018-11-04 23:00:00+00:00,Guyane
Vacances d'Été,2020-07-03 22:00:00+00:00,2020-08-30 22:00:00+00:00,Guyane
Vacances de Noël,2022-12-16 23:00:00+00:00,2023-01-02 23:00:00+00:00,Guyane
Vacances de la Toussaint,2024-10-18 22:00:00+00:00,2024-11-03 23:00:00+00:00,Guyane
Vacances d'Hiver austral,2018-07-06 22:00:00+00:00,2018-08-16 22:00:00+00:00,Réunion
Vacances d'Hiver austral,2018-07-06 22:00:00+00:00,2018-08-15 22:00:00+00:00,Réunion
Vacances après 4ème période,2025-05-02 22:00:00+00:00,2025-05-18 22:00:00+00:00,Réunion
Vacances d'Été,2018-07-06 22:00:00+00:00,2018-08-22 22:00:00+00:00,Mayotte
Vacances de Noël,2018-12-07 23:00:00+00:00,2019-01-06 23:00:00+00:00,Mayotte
Vacances d'Été,2019-07-05 22:00:00+00:00,2019-08-20 22:00:00+00:00,Mayotte
Vacances de la Toussaint,2020-10-09 22:00:00+00:00,2020-10-25 23:00:00+00:00,Mayotte
Vacances de Carnaval,2021-02-26 23:00:00+00:00,2021-03-14 23:00:00+00:00,Mayotte
Vacances d'Été,2021-07-06 22:00:00+00:00,2021-08-23 22:00:00+00:00,Mayotte
Vacances de la Toussaint,2021-10-08 22:00:00+00:00,2021-10-24 22:00:00+00:00,Mayotte
Vacances de Noël,2021-12-10 23:00:00+00:00,2022-01-09 23:00:00+00:00,Mayotte
Vacances de la Toussaint,2023-10-13 22:00:00+00:00,2023-10-29 23:00:00+00:00,Mayotte
Vacances d'Été,2024-07-05 22:00:00+00:00,2024-08-22 22:00:00+00:00,Mayotte
Vacances de Carnaval,2025-02-28 23:00:00+00:00,2025-03-09 23:00:00+00:00,Mayotte
Vacances d'Été,2025-07-04 22:00:00+00:00,2025-08-21 22:00:00+00:00,Mayotte
Vacances de Noël,2025-12-12 23:00:00+00:00,2026-01-11 23:00:00+00:00,Mayotte
Vacances de Printemps,2026-04-29 22:00:00+00:00,2026-05-17 22:00:00+00:00,Mayotte
Vacances de Noël,2017-12-15 23:00:00+00:00,2018-01-14 23:00:00+00:00,Polynésie
Vacances de Pâques,2018-03-30 22:00:00+00:00,2018-04-15 22:00:00+00:00,Polynésie
Vacances de Mai,2018-05-18 22:00:00+00:00,2018-05-27 22:00:00+00:00,Polynésie
Vacances de Septembre,2018-09-14 22:00:00+00:00,2018-09-23 22:00:00+00:00,Polynésie
Grandes Vacances,2019-07-03 22:00:00+00:00,2019-08-11 22:00:00+00:00,Polynésie
Grandes Vacances,2019-07-05 22:00:00+00:00,2019-08-08 22:00:00+00:00,Polynésie
Grandes Vacances,2021-06-30 22:00:00+00:00,2021-08-08 22:00:00+00:00,Polynésie
Vacances de Mai,2022-05-20 22:00:00+00:00,2022-05-29 22:00:00+00:00,Polynésie
Grandes Vacances,2022-06-29 22:00:00+00:00,2022-08-09 22:00:00+00:00,Polynésie
Vacances de Noël,2022-12-09 23:00:00+00:00,2023-01-08 23:00:00+00:00,Polynésie
Grandes Vacances,2023-06-29 22:00:00+00:00,2023-08-15 22:00:00+00:00,Polynésie
Vacances de Septembre,2023-09-15 22:00:00+00:00,2023-09-24 22:00:00+00:00,Polynésie
Début des Grandes Vacances,2026-07-03 22:00:00+00:00,2026-07-03 22:00:00+00:00,Polynésie
Vacances d'Été,2018-12-14 23:00:00+00:00,2019-02-14 23:00:00+00:00,Nouvelle Calédonie
Vacances 1ère période,2022-04-01 22:00:00+00:00,2022-04-16 22:00:00+00:00,Nouvelle Calédonie
Vacances d'Été,2022-12-16 23:00:00+00:00,2023-02-09 23:00:00+00:00,Nouvelle Calédonie
Vacances 3ème période,2023-08-04 22:00:00+00:00,2023-08-19 22:00:00+00:00,Nouvelle Calédonie
Vacances 2ème période,2024-05-31 22:00:00+00:00,2024-06-15 22:00:00+00:00,Nouvelle Calédonie
Vacances 3ème période,2024-08-02 22:00:00+00:00,2024-08-17 22:00:00+00:00,Nouvelle Calédonie
Vacances 4ème période,2024-10-04 22:00:00+00:00,2024-10-19 22:00:00+00:00,Nouvelle Calédonie
Vacances 2ème période,2025-06-06 22:00:00+00:00,2025-06-21 22:00:00+00:00,Nouvelle Calédonie
Vacances 4ème période,2019-10-11 22:00:00+00:00,2019-10-27 23:00:00+00:00,Wallis et Futuna
Vacances 2ème période,2021-06-04 22:00:00+00:00,2021-06-19 22:00:00+00:00,Wallis et Futuna
Vacances 1ère période,2022-04-01 22:00:00+00:00,2022-04-16 22:00:00+00:00,Wallis et Futuna
Vacances 3ème période,2023-08-04 22:00:00+00:00,2023-08-19 22:00:00+00:00,Wallis et Futuna
Vacances 4ème période,2023-10-06 22:00:00+00:00,2023-10-21 22:00:00+00:00,Wallis et Futuna
Vacances d'Été,2024-12-13 23:00:00+00:00,2025-02-16 23:00:00+00:00,Wallis et Futuna
Vacances de la Toussaint,2017-10-20 22:00:00+00:00,2017-11-05 23:00:00+00:00,Zone A
Vacances de la Toussaint,2017-10-20 22:00:00+00:00,2017-11-05 23:00:00+00:00,Zone A
Vacances de Printemps,2018-04-06 22:00:00+00:00,2018-04-22 22:00:00+00:00,Zone A
Vacances de Printemps,2018-04-06 22:00:00+00:00,2018-04-22 22:00:00+00:00,Zone A
Vacances d'Été,2018-07-06 22:00:00+00:00,2018-09-02 22:00:00+00:00,Zone A
Vacances d'Été,2018-07-06 22:00:00+00:00,2018-08-30 22:00:00+00:00,Zone A
Vacances d'Été,2018-07-06 22:00:00+00:00,2018-08-30 22:00:00+00:00,Zone A
Vacances d'Été,2018-07-06 22:00:00+00:00,2018-08-30 22:00:00+00:00,Zone A
Vacances d'Été,2018-07-06 22:00:00+00:00,2018-08-30 22:00:00+00:00,Zone A
Vacances d'Été,2018-07-06 22:00:00+00:00,2018-08-30 22:00:00+00:00,Zone A
Vacances de la Toussaint,2018-10-19 22:00:00+00:00,2018-11-04 23:00:00+00:00,Zone A
Vacances de Noël,2018-12-21 23:00:00+00:00,2019-01-06 23:00:00+00:00,Zone A
Vacances de Noël,2018-12-21 23:00:00+00:00,2019-01-06 23:00:00+00:00,Zone A
Vacances d'Hiver,2019-02-15 23:00:00+00:00,2019-03-03 23:00:00+00:00,Zone A
Vacances de Printemps,2019-04-12 22:00:00+00:00,2019-04-28 22:00:00+00:00,Zone A
Vacances de Printemps,2019-04-12 22:00:00+00:00,2019-04-28 22:00:00+00:00,Zone A
Pont de l'Ascension,2019-05-28 22:00:00+00:00,2019-06-02 22:00:00+00:00,Zone A
Pont de l'Ascension,2019-05-28 22:00:00+00:00,2019-06-02 22:00:00+00:00,Zone A
Pont de l'Ascension,2019-05-28 22:00:00+00:00,2019-06-02 22:00:00+00:00,Zone A
Vacances d'Été,2019-07-05 22:00:00+00:00,2019-09-01 22:00:00+00:00,Zone A
Vacances d'Été,2019-07-05 22:00:00+00:00,2019-08-29 22:00:00+00:00,Zone A
Vacances d'Été,2019-07-05 22:00:00+00:00,2019-08-29 22:00:00+00:00,Zone A
Vacances d'Été,2019-07-05 22:00:00+00:00,2019-08-29 22:00:00+00:00,Zone A
Vacances de la Toussaint,2019-10-18 22:00:00+00:00,2019-11-03 23:00:00+00:00,Zone A
Vacances de Noël,2019-12-20 23:00:00+00:00,2020-01-05 23:00:00+00:00,Zone A
Vacances de Noël,2019-12-20 23:00:00+00:00,2020-01-05 23:00:00+00:00,Zone A
Vacances de Noël,2019-12-20 23:00:00+00:00,2020-01-05 23:00:00+00:00,Zone A
Vacances d'Hiver,2020-02-21 23:00:00+00:00,2020-03-08 23:00:00+00:00,Zone A
Vacances d'Hiver,2020-02-21 23:00:00+00:00,2020-03-08 23:00:00+00:00,Zone A
Vacances d'Hiver,2020-02-21 23:00:00+00:00,2020-03-08 23:00:00+00:00,Zone A
Vacances de Printemps,2020-04-17 22:00:00+00:00,2020-05-03 22:00:00+00:00,Zone A
Vacances de Printemps,2020-04-17 22:00:00+00:00,2020-05-03 22:00:00+00:00,Zone A
Pont de l'Ascension,2020-05-19 22:00:00+00:00,2020-05-24 22:00:00+00:00,Zone A
Pont de l'Ascension,2020-05-19 22:00:00+00:00,2020-05-24 22:00:00+00:00,Zone A
Pont de l'Ascension,2020-05-19 22:00:00+00:00,2020-05-24 22:00:00+00:00,Zone A
Vacances de la Toussaint,2020-10-16 22:00:00+00:00,2020-11-01 23:00:00+00:00,Zone A
Vacances d'Hiver,2021-02-05 23:00:00+00:00,2021-02-21 23:00:00+00:00,Zone A
Vacances d'Hiver,2021-02-05 23:00:00+00:00,2021-02-21 23:00:00+00:00,Zone A
Vacances de Printemps,2021-04-09 22:00:00+00:00,2021-04-25 22:00:00+00:00,Zone A
Pont de l'Ascension,2021-05-12 22:00:00+00:00,2021-05-16 22:00:00+00:00,Zone A
Pont de l'Ascension,2021-05-12 22:00:00+00:00,2021-05-16 22:00:00+00:00,Zone A
Pont de l'Ascension,2021-05-12 22:00:00+00:00,2021-05-16 22:00:00+00:00,Zone A
Vacances d'Été,2021-07-05 22:00:00+00:00,2021-09-01 22:00:00+00:00,Zone A
Vacances d'Été,2021-07-05 22:00:00+00:00,2021-08-31 22:00:00+00:00,Zone A
Vacances d'Été,2021-07-05 22:00:00+00:00,2021-08-31 22:00:00+00:00,Zone A
Vacances d'Été,2021-07-05 22:00:00+00:00,2021-08-31 22:00:00+00:00,Zone A
Vacances de la Toussaint,2021-10-22 22:00:00+00:00,2021-11-07 23:00:00+00:00,Zone A
Vacances de la Toussaint,2021-10-22 22:00:00+00:00,2021-11-07 23:00:00+00:00,Zone A
Vacances de la Toussaint,2021-10-22 22:00:00+00:00,2021-11-07 23:00:00+00:00,Zone A
Vacances de la Toussaint,2021-10-22 22:00:00+00:00,2021-11-07 23:00:00+00:00,Zone A
Vacances de Noël,2021-12-17 23:00:00+00:00,2022-01-02 23:00:00+00:00,Zone A
Vacances d'Hiver,2022-02-11 23:00:00+00:00,2022-02-27 23:00:00+00:00,Zone A
Vacances d'Hiver,2022-02-11 23:00:00+00:00,2022-02-27 23:00:00+00:00,Zone A
Vacances d'Hiver,2022-02-11 23:00:00+00:00,2022-02-27 23:00:00+00:00,Zone A
Pont de l'Ascension,2022-05-25 22:00:00+00:00,2022-05-29 22:00:00+00:00,Zone A
Vacances d'Été,2022-07-06 22:00:00+00:00,2022-08-31 22:00:00+00:00,Zone A
Vacances de la Toussaint,2022-10-21 22:00:00+00:00,2022-11-06 23:00:00+00:00,Zone A
Vacances de la Toussaint,2022-10-21 22:00:00+00:00,2022-11-06 23:00:00+00:00,Zone A
Vacances de Noël,2022-12-16 23:00:00+00:00,2023-01-02 23:00:00+00:00,Zone A
Vacances de Noël,2022-12-16 23:00:00+00:00,2023-01-02 23:00:00+00:00,Zone A
Vacances de Noël,2022-12-16 23:00:00+00:00,2023-01-02 23:00:00+00:00,Zone A
Vacances d'Hiver,2023-02-03 23:00:00+00:00,2023-02-19 23:00:00+00:00,Zone A
Vacances d'Hiver,2023-02-03 23:00:00+00:00,2023-02-19 23:00:00+00:00,Zone A
Vacances de Printemps,2023-04-07 22:00:00+00:00,2023-04-23 22:00:00+00:00,Zone A
Pont de l'Ascension,2023-05-17 22:00:00+00:00,2023-05-21 22:00:00+00:00,Zone A
Vacances d'Été,2023-07-07 22:00:00+00:00,2023-09-03 22:00:00+00:00,Zone A
Vacances d'Été,2023-07-07 22:00:00+00:00,2023-09-03 22:00:00+00:00,Zone A
Vacances d'Été,2023-07-07 22:00:00+00:00,2023-09-03 22:00:00+00:00,Zone A
Vacances de la Toussaint,2023-10-20 22:00:00+00:00,2023-11-05 23:00:00+00:00,Zone A
Vacances de Noël,2023-12-22 23:00:00+00:00,2024-01-07 23:00:00+00:00,Zone A
Vacances d'Hiver,2024-02-16 23:00:00+00:00,2024-03-03 23:00:00+00:00,Zone A
Vacances de Printemps,2024-04-12 22:00:00+00:00,2024-04-28 22:00:00+00:00,Zone A
Pont de l'Ascension,2024-05-08 22:00:00+00:00,2024-05-12 22:00:00+00:00,Zone A
Pont de l'Ascension,2024-05-08 22:00:00+00:00,2024-05-12 22:00:00+00:00,Zone A
Vacances d'Été,2024-07-05 22:00:00+00:00,2024-08-29 22:00:00+00:00,Zone A
Vacances d'Été,2024-07-05 22:00:00+00:00,2024-08-29 22:00:00+00:00,Zone A
Vacances de la Toussaint,2024-10-18 22:00:00+00:00,2024-11-03 23:00:00+00:00,Zone A
Vacances de Noël,2024-12-20 23:00:00+00:00,2025-01-05 23:00:00+00:00,Zone A
Vacances de Noël,2024-12-20 23:00:00+00:00,2025-01-05 23:00:00+00:00,Zone A
Vacances d'Hiver,2025-02-21 23:00:00+00:00,2025-03-09 23:00:00+00:00,Zone A
Vacances de Printemps,2025-04-18 22:00:00+00:00,2025-05-04 22:00:00+00:00,Zone A
Pont de l'Ascension,2025-05-28 22:00:00+00:00,2025-06-01 22:00:00+00:00,Zone A
Pont de l'Ascension,2025-05-28 22:00:00+00:00,2025-06-01 22:00:00+00:00,Zone A
Pont de l'Ascension,2025-05-28 22:00:00+00:00,2025-06-01 22:00:00+00:00,Zone A
Vacances d'Été,2025-07-04 22:00:00+00:00,2025-08-31 22:00:00+00:00,Zone A
Vacances d'Été,2025-07-04 22:00:00+00:00,2025-08-31 22:00:00+00:00,Zone A
Vacances d'Été,2025-07-04 22:00:00+00:00,2025-08-28 22:00:00+00:00,Zone A
Vacances d'Été,2025-07-04 22:00:00+00:00,2025-08-28 22:00:00+00:00,Zone A
Vacances de Noël,2025-12-19 23:00:00+00:00,2026-01-04 23:00:00+00:00,Zone A
Vacances de Noël,2025-12-19 23:00:00+00:00,2026-01-04 23:00:00+00:00,Zone A
Vacances d'Hiver,2026-02-06 23:00:00+00:00,2026-02-22 23:00:00+00:00,Zone A
Vacances d'Hiver,2026-02-06 23:00:00+00:00,2026-02-22 23:00:00+00:00,Zone A
Vacances de Printemps,2026-04-03 22:00:00+00:00,2026-04-19 22:00:00+00:00,Zone A
Pont de l'Ascension,2026-05-13 22:00:00+00:00,2026-05-17 22:00:00+00:00,Zone A
Début des Vacances d'Été,2026-07-03 22:00:00+00:00,2026-07-03 22:00:00+00:00,Zone A
Début des Vacances d'Été,2026-07-03 22:00:00+00:00,2026-07-03 22:00:00+00:00,Zone A
Vacances de la Toussaint,2017-10-20 22:00:00+00:00,2017-11-05 23:00:00+00:00,Zone B
Vacances de la Toussaint,2017-10-20 22:00:00+00:00,2017-11-05 23:00:00+00:00,Zone B
Vacances d'Hiver,2018-02-23 23:00:00+00:00,2018-03-11 23:00:00+00:00,Zone B
Vacances d'Hiver,2018-02-23 23:00:00+00:00,2018-03-11 23:00:00+00:00,Zone B
Vacances de Printemps,2018-04-20 22:00:00+00:00,2018-05-06 22:00:00+00:00,Zone B
Vacances de Printemps,2018-04-20 22:00:00+00:00,2018-05-06 22:00:00+00:00,Zone B
Vacances d'Été,2018-07-06 22:00:00+00:00,2018-09-02 22:00:00+00:00,Zone B
Vacances d'Été,2018-07-06 22:00:00+00:00,2018-09-02 22:00:00+00:00,Zone B
Vacances d'Été,2018-07-06 22:00:00+00:00,2018-08-30 22:00:00+00:00,Zone B
Vacances d'Été,2018-07-06 22:00:00+00:00,2018-08-30 22:00:00+00:00,Zone B
Vacances de la Toussaint,2018-10-19 22:00:00+00:00,2018-11-04 23:00:00+00:00,Zone B
Vacances de la Toussaint,2018-10-19 22:00:00+00:00,2018-11-04 23:00:00+00:00,Zone B
Vacances de la Toussaint,2018-10-19 22:00:00+00:00,2018-11-04 23:00:00+00:00,Zone B
Vacances de la Toussaint,2018-10-19 22:00:00+00:00,2018-11-04 23:00:00+00:00,Zone B
Vacances de la Toussaint,2018-10-19 22:00:00+00:00,2018-11-04 23:00:00+00:00,Zone B
Vacances de Noël,2018-12-21 23:00:00+00:00,2019-01-06 23:00:00+00:00,Zone B
Vacances de Noël,2018-12-21 23:00:00+00:00,2019-01-06 23:00:00+00:00,Zone B
Vacances d'Hiver,2019-02-08 23:00:00+00:00,2019-02-24 23:00:00+00:00,Zone B
Vacances d'Hiver,2019-02-08 23:00:00+00:00,2019-02-24 23:00:00+00:00,Zone B
Vacances d'Hiver,2019-02-08 23:00:00+00:00,2019-02-24 23:00:00+00:00,Zone B
Vacances de Printemps,2019-04-05 22:00:00+00:00,2019-04-22 22:00:00+00:00,Zone B
Pont de l'Ascension,2019-05-28 22:00:00+00:00,2019-06-02 22:00:00+00:00,Zone B
Pont de l'Ascension,2019-05-28 22:00:00+00:00,2019-06-02 22:00:00+00:00,Zone B
Vacances d'Été,2019-07-05 22:00:00+00:00,2019-09-01 22:00:00+00:00,Zone B
Vacances d'Été,2019-07-05 22:00:00+00:00,2019-09-01 22:00:00+00:00,Zone B
Vacances d'Été,2019-07-05 22:00:00+00:00,2019-09-01 22:00:00+00:00,Zone B
Vacances d'Été,2019-07-05 22:00:00+00:00,2019-09-01 22:00:00+00:00,Zone B
Vacances d'Été,2019-07-05 22:00:00+00:00,2019-08-29 22:00:00+00:00,Zone B
Vacances de la Toussaint,2019-10-18 22:00:00+00:00,2019-11-03 23:00:00+00:00,Zone B
Vacances de la Toussaint,2019-10-18 22:00:00+00:00,2019-11-03 23:00:00+00:00,Zone B
Vacances de la Toussaint,2019-10-18 22:00:00+00:00,2019-11-03 23:00:00+00:00,Zone B
Vacances de la Toussaint,2019-10-18 22:00:00+00:00,2019-11-03 23:00:00+00:00,Zone B
Vacances de Noël,2019-12-20 23:00:00+00:00,2020-01-05 23:00:00+00:00,Zone B
Vacances de Noël,2019-12-20 23:00:00+00:00,2020-01-05 23:00:00+00:00,Zone B
Vacances de Noël,2019-12-20 23:00:00+00:00,2020-01-05 23:00:00+00:00,Zone B
Vacances de Noël,2019-12-20 23:00:00+00:00,2020-01-05 23:00:00+00:00,Zone B
Vacances de Noël,2019-12-20 23:00:00+00:00,2020-01-05 23:00:00+00:00,Zone B
Vacances d'Hiver,2020-02-14 23:00:00+00:00,2020-03-01 23:00:00+00:00,Zone B
Vacances de Printemps,2020-04-10 22:00:00+00:00,2020-04-26 22:00:00+00:00,Zone B
Vacances de Printemps,2020-04-10 22:00:00+00:00,2020-04-26 22:00:00+00:00,Zone B
Pont de l'Ascension,2020-05-19 22:00:00+00:00,2020-05-24 22:00:00+00:00,Zone B
Pont de l'Ascension,2020-05-19 22:00:00+00:00,2020-05-24 22:00:00+00:00,Zone B
Vacances d'Été,2020-07-03 22:00:00+00:00,2020-08-31 22:00:00+00:00,Zone B
Vacances d'Été,2020-07-03 22:00:00+00:00,2020-08-30 22:00:00+00:00,Zone B
Vacances d'Été,2020-07-03 22:00:00+00:00,2020-08-30 22:00:00+00:00,Zone B
Vacances d'Été,2020-07-03 22:00:00+00:00,2020-08-30 22:00:00+00:00,Zone B
Vacances d'Été,2020-07-03 22:00:00+00:00,2020-08-30 22:00:00+00:00,Zone B
Vacances de la Toussaint,2020-10-16 22:00:00+00:00,2020-11-01 23:00:00+00:00,Zone B
Vacances de Noël,2020-12-18 23:00:00+00:00,2021-01-03 23:00:00+00:00,Zone B
Vacances de Noël,2020-12-18 23:00:00+00:00,2021-01-03 23:00:00+00:00,Zone B
Vacances de Noël,2020-12-18 23:00:00+00:00,2021-01-03 23:00:00+00:00,Zone B
Vacances de Noël,2020-12-18 23:00:00+00:00,2021-01-03 23:00:00+00:00,Zone B
Vacances de Noël,2020-12-18 23:00:00+00:00,2021-01-03 23:00:00+00:00,Zone B
Vacances d'Hiver,2021-02-19 23:00:00+00:00,2021-03-07 23:00:00+00:00,Zone B
Vacances d'Hiver,2021-02-19 23:00:00+00:00,2021-03-07 23:00:00+00:00,Zone B
Vacances de Printemps,2021-04-09 22:00:00+00:00,2021-04-25 22:00:00+00:00,Zone B
Vacances de Printemps,2021-04-09 22:00:00+00:00,2021-04-25 22:00:00+00:00,Zone B
Pont de l'Ascension,2021-05-12 22:00:00+00:00,2021-05-16 22:00:00+00:00,Zone B
Pont de l'Ascension,2021-05-12 22:00:00+00:00,2021-05-16 22:00:00+00:00,Zone B
Vacances d'Été,2021-07-05 22:00:00+00:00,2021-09-01 22:00:00+00:00,Zone B
Vacances d'Été,2021-07-05 22:00:00+00:00,2021-09-01 22:00:00+00:00,Zone B
Vacances d'Été,2021-07-05 22:00:00+00:00,2021-08-31 22:00:00+00:00,Zone B
Vacances d'Été,2021-07-05 22:00:00+00:00,2021-08-31 22:00:00+00:00,Zone B
Vacances d'Été,2021-07-05 22:00:00+00:00,2021-08-31 22:00:00+00:00,Zone B
Vacances de la Toussaint,2021-10-22 22:00:00+00:00,2021-11-07 23:00:00+00:00,Zone B
Vacances de Noël,2021-12-17 23:00:00+00:00,2022-01-02 23:00:00+00:00,Zone B
Vacances de Noël,2021-12-17 23:00:00+00:00,2022-01-02 23:00:00+00:00,Zone B
Vacances de Noël,2021-12-17 23:00:00+00:00,2022-01-02 23:00:00+00:00,Zone B
Vacances d'Hiver,2022-02-04 23:00:00+00:00,2022-02-20 23:00:00+00:00,Zone B
Vacances d'Hiver,2022-02-04 23:00:00+00:00,2022-02-20 23:00:00+00:00,Zone B
Vacances de Printemps,2022-04-08 22:00:00+00:00,2022-04-24 22:00:00+00:00,Zone B
Pont de l'Ascension,2022-05-25 22:00:00+00:00,2022-05-29 22:00:00+00:00,Zone B
Vacances d'Été,2022-07-06 22:00:00+00:00,2022-08-31 22:00:00+00:00,Zone B
Vacances d'Été,2022-07-06 22:00:00+00:00,2022-08-31 22:00:00+00:00,Zone B
Vacances d'Été,2022-07-06 22:00:00+00:00,2022-08-31 22:00:00+00:00,Zone B
Vacances d'Été,2022-07-06 22:00:00+00:00,2022-08-30 22:00:00+00:00,Zone B
Vacances de la Toussaint,2022-10-21 22:00:00+00:00,2022-11-06 23:00:00+00:00,Zone B
Vacances de la Toussaint,2022-10-21 22:00:00+00:00,2022-11-06 23:00:00+00:00,Zone B
Vacances de Noël,2022-12-16 23:00:00+00:00,2023-01-02 23:00:00+00:00,Zone B
Vacances d'Hiver,2023-02-10 23:00:00+00:00,2023-02-26 23:00:00+00:00,Zone B
Vacances d'Hiver,2023-02-10 23:00:00+00:00,2023-02-26 23:00:00+00:00,Zone B
Vacances de Printemps,2023-04-14 22:00:00+00:00,2023-05-01 22:00:00+00:00,Zone B
Pont de l'Ascension,2023-05-17 22:00:00+00:00,2023-05-21 22:00:00+00:00,Zone B
Vacances d'Été,2023-07-07 22:00:00+00:00,2023-09-03 22:00:00+00:00,Zone B
Vacances d'Été,2023-07-07 22:00:00+00:00,2023-09-03 22:00:00+00:00,Zone B
Vacances d'Été,2023-07-07 22:00:00+00:00,2023-09-03 22:00:00+00:00,Zone B
Vacances d'Été,2023-07-07 22:00:00+00:00,2023-08-31 22:00:00+00:00,Zone B
Vacances d'Été,2023-07-07 22:00:00+00:00,2023-08-31 22:00:00+00:00,Zone B
Vacances d'Été,2023-07-07 22:00:00+00:00,2023-08-31 22:00:00+00:00,Zone B
Vacances d'Été,2023-07-07 22:00:00+00:00,2023-08-31 22:00:00+00:00,Zone B
Vacances de Noël,2023-12-22 23:00:00+00:00,2024-01-07 23:00:00+00:00,Zone B
Vacances de Noël,2023-12-22 23:00:00+00:00,2024-01-07 23:00:00+00:00,Zone B
Vacances d'Hiver,2024-02-23 23:00:00+00:00,2024-03-10 23:00:00+00:00,Zone B
Vacances d'Hiver,2024-02-23 23:00:00+00:00,2024-03-10 23:00:00+00:00,Zone B
Vacances d'Hiver,2024-02-23 23:00:00+00:00,2024-03-10 23:00:00+00:00,Zone B
Vacances de Printemps,2024-04-19 22:00:00+00:00,2024-05-05 22:00:00+00:00,Zone B
Vacances de Printemps,2024-04-19 22:00:00+00:00,2024-05-05 22:00:00+00:00,Zone B
Pont de l'Ascension,2024-05-08 22:00:00+00:00,2024-05-12 22:00:00+00:00,Zone B
Pont de l'Ascension,2024-05-08 22:00:00+00:00,2024-05-12 22:00:00+00:00,Zone B
Pont de l'Ascension,2024-05-08 22:00:00+00:00,2024-05-12 22:00:00+00:00,Zone B
Vacances d'Été,2024-07-05 22:00:00+00:00,2024-09-01 22:00:00+00:00,Zone B
Vacances d'Été,2024-07-05 22:00:00+00:00,2024-09-01 22:00:00+00:00,Zone B
Vacances d'Été,2024-07-05 22:00:00+00:00,2024-09-01 22:00:00+00:00,Zone B
Vacances d'Été,2024-07-05 22:00:00+00:00,2024-09-01 22:00:00+00:00,Zone B
Vacances d'Été,2024-07-05 22:00:00+00:00,2024-08-29 22:00:00+00:00,Zone B
Vacances d'Été,2024-07-05 22:00:00+00:00,2024-08-29 22:00:00+00:00,Zone B
Vacances d'Été,2024-07-05 22:00:00+00:00,2024-08-29 22:00:00+00:00,Zone B
Vacances d'Été,2024-07-05 22:00:00+00:00,2024-08-29 22:00:00+00:00,Zone B
Vacances de la Toussaint,2024-10-18 22:00:00+00:00,2024-11-03 23:00:00+00:00,Zone B
Vacances de la Toussaint,2024-10-18 22:00:00+00:00,2024-11-03 23:00:00+00:00,Zone B
Vacances de la Toussaint,2024-10-18 22:00:00+00:00,2024-11-03 23:00:00+00:00,Zone B
Vacances de Noël,2024-12-20 23:00:00+00:00,2025-01-05 23:00:00+00:00,Zone B
Vacances de Noël,2024-12-20 23:00:00+00:00,2025-01-05 23:00:00+00:00,Zone B
Vacances d'Hiver,2025-02-07 23:00:00+00:00,2025-02-23 23:00:00+00:00,Zone B
Vacances d'Hiver,2025-02-07 23:00:00+00:00,2025-02-23 23:00:00+00:00,Zone B
Vacances d'Hiver,2025-02-07 23:00:00+00:00,2025-02-23 23:00:00+00:00,Zone B
Vacances de Printemps,2025-04-04 22:00:00+00:00,2025-04-21 22:00:00+00:00,Zone B
Vacances de Printemps,2025-04-04 22:00:00+00:00,2025-04-21 22:00:00+00:00,Zone B
Vacances de Printemps,2025-04-04 22:00:00+00:00,2025-04-21 22:00:00+00:00,Zone B
Vacances d'Été,2025-07-04 22:00:00+00:00,2025-08-31 22:00:00+00:00,Zone B
Vacances d'Été,2025-07-04 22:00:00+00:00,2025-08-31 22:00:00+00:00,Zone B
Vacances d'Été,2025-07-04 22:00:00+00:00,2025-08-28 22:00:00+00:00,Zone B
Vacances d'Été,2025-07-04 22:00:00+00:00,2025-08-28 22:00:00+00:00,Zone B
Vacances de la Toussaint,2025-10-17 22:00:00+00:00,2025-11-02 23:00:00+00:00,Zone B
Vacances de la Toussaint,2025-10-17 22:00:00+00:00,2025-11-02 23:00:00+00:00,Zone B
Vacances de la Toussaint,2025-10-17 22:00:00+00:00,2025-11-02 23:00:00+00:00,Zone B
Vacances de la Toussaint,2025-10-17 22:00:00+00:00,2025-11-02 23:00:00+00:00,Zone B
Vacances de Noël,2025-12-19 23:00:00+00:00,2026-01-04 23:00:00+00:00,Zone B
Vacances de Noël,2025-12-19 23:00:00+00:00,2026-01-04 23:00:00+00:00,Zone B
Vacances de Noël,2025-12-19 23:00:00+00:00,2026-01-04 23:00:00+00:00,Zone B
Vacances d'Hiver,2026-02-13 23:00:00+00:00,2026-03-01 23:00:00+00:00,Zone B
Vacances de Printemps,2026-04-10 22:00:00+00:00,2026-04-26 22:00:00+00:00,Zone B
Vacances de Printemps,2026-04-10 22:00:00+00:00,2026-04-26 22:00:00+00:00,Zone B
Vacances de Printemps,2026-04-10 22:00:00+00:00,2026-04-26 22:00:00+00:00,Zone B
Vacances de Printemps,2026-04-10 22:00:00+00:00,2026-04-26 22:00:00+00:00,Zone B
Pont de l'Ascension,2026-05-13 22:00:00+00:00,2026-05-17 22:00:00+00:00,Zone B
Vacances de la Toussaint,2017-10-20 22:00:00+00:00,2017-11-05 23:00:00+00:00,Zone C
Vacances de la Toussaint,2017-10-20 22:00:00+00:00,2017-11-05 23:00:00+00:00,Zone C
Vacances de Printemps,2018-04-13 22:00:00+00:00,2018-04-29 22:00:00+00:00,Zone C
Vacances d'Été,2018-07-06 22:00:00+00:00,2018-09-02 22:00:00+00:00,Zone C
Vacances d'Été,2018-07-06 22:00:00+00:00,2018-08-30 22:00:00+00:00,Zone C
Vacances de la Toussaint,2018-10-19 22:00:00+00:00,2018-11-04 23:00:00+00:00,Zone C
Vacances de la Toussaint,2018-10-19 22:00:00+00:00,2018-11-04 23:00:00+00:00,Zone C
Vacances de Noël,2018-12-21 23:00:00+00:00,2019-01-06 23:00:00+00:00,Zone C
Vacances d'Hiver,2019-02-22 23:00:00+00:00,2019-03-10 23:00:00+00:00,Zone C
Vacances d'Été,2019-07-05 22:00:00+00:00,2019-08-29 22:00:00+00:00,Zone C
Vacances de la Toussaint,2019-10-18 22:00:00+00:00,2019-11-03 23:00:00+00:00,Zone C
Vacances de Printemps,2020-04-03 22:00:00+00:00,2020-04-19 22:00:00+00:00,Zone C
Vacances de Printemps,2020-04-03 22:00:00+00:00,2020-04-19 22:00:00+00:00,Zone C
Vacances d'Été,2020-07-03 22:00:00+00:00,2020-08-31 22:00:00+00:00,Zone C
Vacances d'Été,2020-07-03 22:00:00+00:00,2020-08-30 22:00:00+00:00,Zone C
Vacances d'Été,2020-07-03 22:00:00+00:00,2020-08-30 22:00:00+00:00,Zone C
Vacances de la Toussaint,2020-10-16 22:00:00+00:00,2020-11-01 23:00:00+00:00,Zone C
Vacances de la Toussaint,2020-10-16 22:00:00+00:00,2020-11-01 23:00:00+00:00,Zone C
Vacances de Printemps,2021-04-09 22:00:00+00:00,2021-04-25 22:00:00+00:00,Zone C
Vacances de Printemps,2021-04-09 22:00:00+00:00,2021-04-25 22:00:00+00:00,Zone C
Pont de l'Ascension,2021-05-12 22:00:00+00:00,2021-05-16 22:00:00+00:00,Zone C
Vacances de la Toussaint,2021-10-22 22:00:00+00:00,2021-11-07 23:00:00+00:00,Zone C
Vacances d'Hiver,2022-02-18 23:00:00+00:00,2022-03-06 23:00:00+00:00,Zone C
Vacances de Printemps,2022-04-22 22:00:00+00:00,2022-05-08 22:00:00+00:00,Zone C
Vacances de la Toussaint,2022-10-21 22:00:00+00:00,2022-11-06 23:00:00+00:00,Zone C
Vacances de Noël,2022-12-16 23:00:00+00:00,2023-01-02 23:00:00+00:00,Zone C
Vacances de Noël,2022-12-16 23:00:00+00:00,2023-01-02 23:00:00+00:00,Zone C
Vacances d'Hiver,2023-02-17 23:00:00+00:00,2023-03-05 23:00:00+00:00,Zone C
Vacances de Printemps,2023-04-21 22:00:00+00:00,2023-05-08 22:00:00+00:00,Zone C
Pont de l'Ascension,2023-05-17 22:00:00+00:00,2023-05-21 22:00:00+00:00,Zone C
Pont de l'Ascension,2023-05-17 22:00:00+00:00,2023-05-21 22:00:00+00:00,Zone C
Vacances d'Été,2023-07-07 22:00:00+00:00,2023-08-31 22:00:00+00:00,Zone C
Vacances de Noël,2023-12-22 23:00:00+00:00,2024-01-07 23:00:00+00:00,Zone C
Vacances de Noël,2023-12-22 23:00:00+00:00,2024-01-07 23:00:00+00:00,Zone C
Vacances d'Hiver,2024-02-09 23:00:00+00:00,2024-02-25 23:00:00+00:00,Zone C
Vacances d'Hiver,2024-02-09 23:00:00+00:00,2024-02-25 23:00:00+00:00,Zone C
Pont de l'Ascension,2024-05-08 22:00:00+00:00,2024-05-12 22:00:00+00:00,Zone C
Vacances d'Été,2024-07-05 22:00:00+00:00,2024-09-01 22:00:00+00:00,Zone C
Vacances d'Été,2024-07-05 22:00:00+00:00,2024-09-01 22:00:00+00:00,Zone C
Vacances de Noël,2024-12-20 23:00:00+00:00,2025-01-05 23:00:00+00:00,Zone C
Vacances de Printemps,2025-04-11 22:00:00+00:00,2025-04-27 22:00:00+00:00,Zone C
Pont de l'Ascension,2025-05-28 22:00:00+00:00,2025-06-01 22:00:00+00:00,Zone C
Vacances d'Été,2025-07-04 22:00:00+00:00,2025-08-31 22:00:00+00:00,Zone C
Vacances d'Été,2025-07-04 22:00:00+00:00,2025-08-28 22:00:00+00:00,Zone C
Vacances d'Été,2025-07-04 22:00:00+00:00,2025-08-28 22:00:00+00:00,Zone C
Vacances d'Été,2025-07-04 22:00:00+00:00,2025-08-28 22:00:00+00:00,Zone C
Vacances de la Toussaint,2025-10-17 22:00:00+00:00,2025-11-02 23:00:00+00:00,Zone C
Vacances de Noël,2025-12-19 23:00:00+00:00,2026-01-04 23:00:00+00:00,Zone C
Vacances d'Hiver,2026-02-20 23:00:00+00:00,2026-03-08 23:00:00+00:00,Zone C
Vacances de Printemps,2026-04-17 22:00:00+00:00,2026-05-03 22:00:00+00:00,Zone C
Pont de l'Ascension,2026-05-13 22:00:00+00:00,2026-05-17 22:00:00+00:00,Zone C
Pont de l'Ascension,2026-05-13 22:00:00+00:00,2026-05-17 22:00:00+00:00,Zone C
Début des Vacances d'Été,2026-07-03 22:00:00+00:00,2026-07-03 22:00:00+00:00,Zone C
Vacances de Printemps,2010-04-25 22:00:00+00:00,2010-05-09 22:00:00+00:00,Corse
Vacances d'Été,2010-07-07 22:00:00+00:00,2010-09-07 22:00:00+00:00,Corse
Vacances de la Toussaint,2010-10-24 22:00:00+00:00,2010-11-01 23:00:00+00:00,Corse
Vacances de Printemps,2012-04-22 22:00:00+00:00,2012-05-06 22:00:00+00:00,Corse
Vacances d'Été,2012-07-08 22:00:00+00:00,2012-09-09 22:00:00+00:00,Corse
Vacances de la Toussaint,2012-10-28 23:00:00+00:00,2012-11-11 23:00:00+00:00,Corse
Vacances d'Été,2013-07-07 22:00:00+00:00,2013-09-05 22:00:00+00:00,Corse
Vacances d'Été,2014-07-09 22:00:00+00:00,2014-09-03 22:00:00+00:00,Corse
Vacances d'Hiver,2015-02-21 23:00:00+00:00,2015-03-08 23:00:00+00:00,Corse
Vacances d'Été,2017-07-11 22:00:00+00:00,2017-09-03 22:00:00+00:00,Corse
Vacances d'Été,2018-07-09 22:00:00+00:00,2018-09-03 22:00:00+00:00,Corse
Vacances d'Été,2020-07-03 22:00:00+00:00,2020-09-01 22:00:00+00:00,Corse
Vacances d'Hiver,2021-02-12 23:00:00+00:00,2021-02-28 23:00:00+00:00,Corse
Vacances de Noël,2022-12-16 23:00:00+00:00,2023-01-02 23:00:00+00:00,Corse
Vacances d'Hiver,2024-02-23 23:00:00+00:00,2024-03-10 23:00:00+00:00,Corse
Vacances d'Hiver,2025-02-14 23:00:00+00:00,2025-03-02 23:00:00+00:00,Corse
Vacances d'Été,2019-07-02 22:00:00+00:00,2019-09-03 22:00:00+00:00,Saint Pierre et Miquelon
Vacances de la Toussaint,2019-10-24 22:00:00+00:00,2019-11-05 23:00:00+00:00,Saint Pierre et Miquelon
Vacances de Noël,2019-12-19 23:00:00+00:00,2020-01-05 23:00:00+00:00,Saint Pierre et Miquelon
Vacances d'Été,2020-07-02 22:00:00+00:00,2020-09-01 22:00:00+00:00,Saint Pierre et Miquelon
Pont de l'Ascension,2021-05-11 22:00:00+00:00,2021-05-16 22:00:00+00:00,Saint Pierre et Miquelon
Vacances de Noël,2021-12-16 23:00:00+00:00,2022-01-02 23:00:00+00:00,Saint Pierre et Miquelon
Vacances d'Hiver,2022-02-17 23:00:00+00:00,2022-03-06 23:00:00+00:00,Saint Pierre et Miquelon
Vacances de Printemps,2022-04-14 22:00:00+00:00,2022-05-01 22:00:00+00:00,Saint Pierre et Miquelon
Vacances d'Été,2022-06-30 22:00:00+00:00,2022-08-31 22:00:00+00:00,Saint Pierre et Miquelon
Pont de l'Ascension,2023-05-18 22:00:00+00:00,2023-05-21 22:00:00+00:00,Saint Pierre et Miquelon
Vacances de Noël,2023-12-21 23:00:00+00:00,2024-01-07 23:00:00+00:00,Saint Pierre et Miquelon
Pont de l'Ascension,2024-05-08 22:00:00+00:00,2024-05-12 22:00:00+00:00,Saint Pierre et Miquelon
Vacances d'Été,2024-07-02 22:00:00+00:00,2024-09-02 22:00:00+00:00,Saint Pierre et Miquelon
Vacances de Noël,2024-12-19 23:00:00+00:00,2025-01-05 23:00:00+00:00,Saint Pierre et Miquelon
Vacances de Printemps,2025-04-17 22:00:00+00:00,2025-05-04 22:00:00+00:00,Saint Pierre et Miquelon
Pont de l'Ascension,2025-05-27 22:00:00+00:00,2025-06-01 22:00:00+00:00,Saint Pierre et Miquelon
Mi-carême,2020-03-18 23:00:00+00:00,2020-03-18 23:00:00+00:00,Guadeloupe
Vacances de Printemps,2021-03-26 23:00:00+00:00,2021-04-11 22:00:00+00:00,Guadeloupe
Vacances d'Été,2021-07-05 22:00:00+00:00,2021-09-05 22:00:00+00:00,Guadeloupe
Vacances de Carnaval,2022-02-18 23:00:00+00:00,2022-03-06 23:00:00+00:00,Guadeloupe
Semaine en mai,2022-05-20 22:00:00+00:00,2022-05-25 22:00:00+00:00,Guadeloupe
Abolition de l’esclavage,2022-05-26 22:00:00+00:00,2022-05-26 22:00:00+00:00,Guadeloupe
Ascension,2023-05-17 22:00:00+00:00,2023-05-18 22:00:00+00:00,Guadeloupe
Semaine en mai,2023-05-18 22:00:00+00:00,2023-05-19 22:00:00+00:00,Guadeloupe
Vacances de Carnaval,2024-02-09 23:00:00+00:00,2024-02-25 23:00:00+00:00,Guadeloupe
Semaine en mai,2025-05-25 22:00:00+00:00,2025-05-25 22:00:00+00:00,Guadeloupe
Semaine en mai,2025-05-27 22:00:00+00:00,2025-05-27 22:00:00+00:00,Guadeloupe
Vacances d'Été,2025-07-04 22:00:00+00:00,2025-08-31 22:00:00+00:00,Guadeloupe
Semaine en mai,2026-05-14 22:00:00+00:00,2026-05-15 22:00:00+00:00,Guadeloupe
Début des Vacances d'Été,2026-07-03 22:00:00+00:00,2026-07-03 22:00:00+00:00,Guadeloupe
Vacances de Carnaval,2018-02-06 23:00:00+00:00,2018-02-18 23:00:00+00:00,Martinique
Vacances de la Toussaint,2018-10-19 22:00:00+00:00,2018-11-04 23:00:00+00:00,Martinique
Vacances de Noël,2018-12-21 23:00:00+00:00,2019-01-06 23:00:00+00:00,Martinique
Vacances de Printemps,2019-04-12 22:00:00+00:00,2019-04-28 22:00:00+00:00,Martinique
Vacances d'Été,2019-07-05 22:00:00+00:00,2019-09-01 22:00:00+00:00,Martinique
Vacances de Noël,2019-12-20 23:00:00+00:00,2020-01-05 23:00:00+00:00,Martinique
Pont de l'Ascension,2020-05-21 22:00:00+00:00,2020-05-24 22:00:00+00:00,Martinique
Vacances d'Été,2020-07-03 22:00:00+00:00,2020-08-30 22:00:00+00:00,Martinique
Vacances de Noël,2020-12-18 23:00:00+00:00,2021-01-03 23:00:00+00:00,Martinique
Vacances de Printemps,2021-03-26 23:00:00+00:00,2021-04-11 22:00:00+00:00,Martinique
Pont,2021-05-21 22:00:00+00:00,2021-05-21 22:00:00+00:00,Martinique
Vacances de Carnaval,2023-02-10 23:00:00+00:00,2023-02-26 23:00:00+00:00,Martinique
Vacances de Printemps,2023-03-31 22:00:00+00:00,2023-04-16 22:00:00+00:00,Martinique
Vacances d'Été,2024-07-05 22:00:00+00:00,2024-09-01 22:00:00+00:00,Martinique
Vacances d'Été,2024-07-05 22:00:00+00:00,2024-08-29 22:00:00+00:00,Martinique
Vacances de la Toussaint,2024-10-18 22:00:00+00:00,2024-11-03 23:00:00+00:00,Martinique
Vacances de Pâques,2026-03-27 23:00:00+00:00,2026-04-12 22:00:00+00:00,Martinique
Début des Vacances d'Été,2026-07-03 22:00:00+00:00,2026-07-03 22:00:00+00:00,Martinique
Vacances de Noël,2019-12-20 23:00:00+00:00,2020-01-05 23:00:00+00:00,Guyane
Vacances de Noël,2020-12-18 23:00:00+00:00,2021-01-03 23:00:00+00:00,Guyane
Vacances de Carnaval,2021-02-12 23:00:00+00:00,2021-02-28 23:00:00+00:00,Guyane
Vacances de Printemps,2021-03-31 22:00:00+00:00,2021-04-18 22:00:00+00:00,Guyane
Vacances de la Toussaint,2021-10-22 22:00:00+00:00,2021-11-07 23:00:00+00:00,Guyane
Pont de l'Ascension,2023-05-12 22:00:00+00:00,2023-05-21 22:00:00+00:00,Guyane
Vacances d'Été,2023-07-07 22:00:00+00:00,2023-09-03 22:00:00+00:00,Guyane
Vacances d'Été,2024-07-05 22:00:00+00:00,2024-08-29 22:00:00+00:00,Guyane
Vacances d'Été,2025-07-04 22:00:00+00:00,2025-08-31 22:00:00+00:00,Guyane
Vacances de Noël,2025-12-19 23:00:00+00:00,2026-01-04 23:00:00+00:00,Guyane
Pont de l'Ascension,2026-05-13 22:00:00+00:00,2026-05-17 22:00:00+00:00,Guyane
Vacances après 1ère période,2017-10-13 22:00:00+00:00,2017-10-29 23:00:00+00:00,Réunion
Vacances après 4ème période,2019-05-06 22:00:00+00:00,2019-05-19 22:00:00+00:00,Réunion
Vacances d'Hiver austral,2020-07-03 22:00:00+00:00,2020-08-16 22:00:00+00:00,Réunion
Vacances d'Hiver austral,2020-07-03 22:00:00+00:00,2020-08-13 22:00:00+00:00,Réunion
Vacances après 3ème période,2022-03-11 23:00:00+00:00,2022-03-27 22:00:00+00:00,Réunion
Vacances après 4ème période,2023-05-12 22:00:00+00:00,2023-05-29 22:00:00+00:00,Réunion
Vacances d'Hiver austral,2023-07-07 22:00:00+00:00,2023-08-15 22:00:00+00:00,Réunion
Vacances après 4ème période,2024-05-03 22:00:00+00:00,2024-05-20 22:00:00+00:00,Réunion
Vacances après 1ère période,2024-10-11 22:00:00+00:00,2024-10-27 23:00:00+00:00,Réunion
Vacances après 3ème période,2025-02-28 23:00:00+00:00,2025-03-16 23:00:00+00:00,Réunion
Vacances après 1ère période,2025-10-10 22:00:00+00:00,2025-10-26 23:00:00+00:00,Réunion
Vacances après 4ème période,2026-05-01 22:00:00+00:00,2026-05-17 22:00:00+00:00,Réunion
Début des Vacances d'Hiver austral,2026-07-03 22:00:00+00:00,2026-07-03 22:00:00+00:00,Réunion
Vacances de la Toussaint,2017-10-06 22:00:00+00:00,2017-10-22 22:00:00+00:00,Mayotte
Vacances de Printemps,2018-05-04 22:00:00+00:00,2018-05-13 22:00:00+00:00,Mayotte
Vacances d'Été,2020-07-03 22:00:00+00:00,2020-08-23 22:00:00+00:00,Mayotte
Vacances d'Été,2021-07-06 22:00:00+00:00,2021-08-19 22:00:00+00:00,Mayotte
Vacances de Carnaval,2022-02-25 23:00:00+00:00,2022-03-13 23:00:00+00:00,Mayotte
Vacances d'Été,2022-07-05 22:00:00+00:00,2022-08-21 22:00:00+00:00,Mayotte
Vacances de Carnaval,2023-02-17 23:00:00+00:00,2023-03-05 23:00:00+00:00,Mayotte
Vacances d'Été,2023-07-07 22:00:00+00:00,2023-08-22 22:00:00+00:00,Mayotte
Vacances de Carnaval,2024-02-23 23:00:00+00:00,2024-03-10 23:00:00+00:00,Mayotte
Vacances de la Toussaint,2024-10-11 22:00:00+00:00,2024-10-27 23:00:00+00:00,Mayotte
Vacances de Novembre,2017-10-27 22:00:00+00:00,2017-11-12 23:00:00+00:00,Polynésie
Grandes Vacances,2018-07-04 22:00:00+00:00,2018-08-15 22:00:00+00:00,Polynésie
Vacances de Novembre,2018-10-26 22:00:00+00:00,2018-11-11 23:00:00+00:00,Polynésie
Vacances de Septembre,2019-09-13 22:00:00+00:00,2019-09-22 22:00:00+00:00,Polynésie
Grandes Vacances,2020-07-03 22:00:00+00:00,2020-08-10 22:00:00+00:00,Polynésie
Vacances de Février,2021-02-19 23:00:00+00:00,2021-02-28 23:00:00+00:00,Polynésie
Grandes Vacances,2021-06-30 22:00:00+00:00,2021-08-10 22:00:00+00:00,Polynésie
Vacances de Septembre,2021-09-10 22:00:00+00:00,2021-09-19 22:00:00+00:00,Polynésie
Vacances de Février,2023-02-17 23:00:00+00:00,2023-02-26 23:00:00+00:00,Polynésie
Vacances de Mai,2024-05-17 22:00:00+00:00,2024-05-26 22:00:00+00:00,Polynésie
Grandes Vacances,2024-07-04 22:00:00+00:00,2024-08-13 22:00:00+00:00,Polynésie
Grandes Vacances,2024-07-05 22:00:00+00:00,2024-08-11 22:00:00+00:00,Polynésie
Vacances de Novembre,2024-10-25 22:00:00+00:00,2024-11-11 23:00:00+00:00,Polynésie
Vacances de Noël,2025-12-12 23:00:00+00:00,2026-01-11 23:00:00+00:00,Polynésie
Vacances de Février,2026-02-13 23:00:00+00:00,2026-02-22 23:00:00+00:00,Polynésie
Vacances de Pâques,2026-03-27 23:00:00+00:00,2026-04-12 22:00:00+00:00,Polynésie
Début des Grandes Vacances,2026-07-02 22:00:00+00:00,2026-07-02 22:00:00+00:00,Polynésie
Vacances 2ème période,2020-06-05 22:00:00+00:00,2020-06-20 22:00:00+00:00,Nouvelle Calédonie
Vacances 3ème période,2020-08-07 22:00:00+00:00,2020-08-22 22:00:00+00:00,Nouvelle Calédonie
Vacances 3ème période,2021-08-06 22:00:00+00:00,2021-08-21 22:00:00+00:00,Nouvelle Calédonie
Vacances d'Été,2024-12-13 23:00:00+00:00,2025-02-13 23:00:00+00:00,Nouvelle Calédonie
Vacances 1ère période,2025-04-04 22:00:00+00:00,2025-04-19 22:00:00+00:00,Nouvelle Calédonie
Vacances 1ère période,2018-03-30 22:00:00+00:00,2018-04-15 22:00:00+00:00,Wallis et Futuna
Vacances 3ème période,2018-08-10 22:00:00+00:00,2018-08-26 22:00:00+00:00,Wallis et Futuna
Vacances d'Été,2018-12-14 23:00:00+00:00,2019-02-07 23:00:00+00:00,Wallis et Futuna
Vacances 2ème période,2019-06-07 22:00:00+00:00,2019-06-23 22:00:00+00:00,Wallis et Futuna
Vacances d'Été,2019-12-13 23:00:00+00:00,2020-02-09 23:00:00+00:00,Wallis et Futuna
Vacances 3ème période,2020-08-07 22:00:00+00:00,2020-08-23 22:00:00+00:00,Wallis et Futuna
Vacances d'Été,2020-12-11 23:00:00+00:00,2021-02-14 23:00:00+00:00,Wallis et Futuna
Vacances d'Été,2020-12-11 23:00:00+00:00,2021-02-11 23:00:00+00:00,Wallis et Futuna
Vacances 1ère période,2021-04-02 22:00:00+00:00,2021-04-17 22:00:00+00:00,Wallis et Futuna
Vacances 3ème période,2021-08-06 22:00:00+00:00,2021-08-21 22:00:00+00:00,Wallis et Futuna
Vacances d'Été,2021-12-17 23:00:00+00:00,2022-02-13 23:00:00+00:00,Wallis et Futuna
Vacances 2ème période,2022-06-03 22:00:00+00:00,2022-06-18 22:00:00+00:00,Wallis et Futuna
Vacances d'Été,2022-12-16 23:00:00+00:00,2023-02-12 23:00:00+00:00,Wallis et Futuna
Vacances d'Été,2022-12-16 23:00:00+00:00,2023-02-09 23:00:00+00:00,Wallis et Futuna
Vacances 2ème période,2023-06-02 22:00:00+00:00,2023-06-17 22:00:00+00:00,Wallis et Futuna
Vacances d'Été,2023-12-15 23:00:00+00:00,2024-02-11 23:00:00+00:00,Wallis et Futuna
Vacances 1ère période,2024-03-29 23:00:00+00:00,2024-04-13 22:00:00+00:00,Wallis et Futuna
Vacances 2ème période,2024-05-31 22:00:00+00:00,2024-06-15 22:00:00+00:00,Wallis et Futuna
Vacances de la Toussaint,2017-10-20 22:00:00+00:00,2017-11-05 23:00:00+00:00,Zone A
Vacances de la Toussaint,2017-10-20 22:00:00+00:00,2017-11-05 23:00:00+00:00,Zone A
Vacances de Noël,2017-12-22 23:00:00+00:00,2018-01-07 23:00:00+00:00,Zone A
Vacances de Noël,2017-12-22 23:00:00+00:00,2018-01-07 23:00:00+00:00,Zone A
Vacances de Printemps,2018-04-06 22:00:00+00:00,2018-04-22 22:00:00+00:00,Zone A
Vacances d'Été,2018-07-06 22:00:00+00:00,2018-09-02 22:00:00+00:00,Zone A
Vacances d'Été,2018-07-06 22:00:00+00:00,2018-09-02 22:00:00+00:00,Zone A
Vacances d'Été,2018-07-06 22:00:00+00:00,2018-09-02 22:00:00+00:00,Zone A
Vacances d'Été,2018-07-06 22:00:00+00:00,2018-09-02 22:00:00+00:00,Zone A
Vacances d'Été,2018-07-06 22:00:00+00:00,2018-08-30 22:00:00+00:00,Zone A
Vacances d'Été,2018-07-06 22:00:00+00:00,2018-08-30 22:00:00+00:00,Zone A
Vacances de la Toussaint,2018-10-19 22:00:00+00:00,2018-11-04 23:00:00+00:00,Zone A
Vacances de la Toussaint,2018-10-19 22:00:00+00:00,2018-11-04 23:00:00+00:00,Zone A
Vacances d'Hiver,2019-02-15 23:00:00+00:00,2019-03-03 23:00:00+00:00,Zone A
Pont de l'Ascension,2019-05-28 22:00:00+00:00,2019-06-02 22:00:00+00:00,Zone A
Pont de l'Ascension,2019-05-28 22:00:00+00:00,2019-06-02 22:00:00+00:00,Zone A
Vacances d'Été,2019-07-05 22:00:00+00:00,2019-09-01 22:00:00+00:00,Zone A
Vacances d'Été,2019-07-05 22:00:00+00:00,2019-09-01 22:00:00+00:00,Zone A
Vacances d'Été,2019-07-05 22:00:00+00:00,2019-09-01 22:00:00+00:00,Zone A
Vacances de la Toussaint,2019-10-18 22:00:00+00:00,2019-11-03 23:00:00+00:00,Zone A
Vacances de la Toussaint,2019-10-18 22:00:00+00:00,2019-11-03 23:00:00+00:00,Zone A
Vacances de la Toussaint,2019-10-18 22:00:00+00:00,2019-11-03 23:00:00+00:00,Zone A
Vacances d'Hiver,2020-02-21 23:00:00+00:00,2020-03-08 23:00:00+00:00,Zone A
Vacances d'Hiver,2020-02-21 23:00:00+00:00,2020-03-08 23:00:00+00:00,Zone A
Vacances de Printemps,2020-04-17 22:00:00+00:00,2020-05-03 22:00:00+00:00,Zone A
Vacances de Printemps,2020-04-17 22:00:00+00:00,2020-05-03 22:00:00+00:00,Zone A
Vacances de Printemps,2020-04-17 22:00:00+00:00,2020-05-03 22:00:00+00:00,Zone A
Pont de l'Ascension,2020-05-19 22:00:00+00:00,2020-05-24 22:00:00+00:00,Zone A
Pont de l'Ascension,2020-05-19 22:00:00+00:00,2020-05-24 22:00:00+00:00,Zone A
Vacances d'Été,2020-07-03 22:00:00+00:00,2020-08-31 22:00:00+00:00,Zone A
Vacances d'Été,2020-07-03 22:00:00+00:00,2020-08-30 22:00:00+00:00,Zone A
Vacances de la Toussaint,2020-10-16 22:00:00+00:00,2020-11-01 23:00:00+00:00,Zone A
Vacances de la Toussaint,2020-10-16 22:00:00+00:00,2020-11-01 23:00:00+00:00,Zone A
Vacances de la Toussaint,2020-10-16 22:00:00+00:00,2020-11-01 23:00:00+00:00,Zone A
Vacances de la Toussaint,2020-10-16 22:00:00+00:00,2020-11-01 23:00:00+00:00,Zone A
Vacances de Noël,2020-12-18 23:00:00+00:00,2021-01-03 23:00:00+00:00,Zone A
Vacances de Noël,2020-12-18 23:00:00+00:00,2021-01-03 23:00:00+00:00,Zone A
Vacances d'Hiver,2021-02-05 23:00:00+00:00,2021-02-21 23:00:00+00:00,Zone A
Vacances d'Hiver,2021-02-05 23:00:00+00:00,2021-02-21 23:00:00+00:00,Zone A
Vacances d'Hiver,2021-02-05 23:00:00+00:00,2021-02-21 23:00:00+00:00,Zone A
Vacances d'Hiver,2021-02-05 23:00:00+00:00,2021-02-21 23:00:00+00:00,Zone A
Vacances d'Hiver,2021-02-05 23:00:00+00:00,2021-02-21 23:00:00+00:00,Zone A
Vacances de Printemps,2021-04-09 22:00:00+00:00,2021-04-25 22:00:00+00:00,Zone A
Vacances de Printemps,2021-04-09 22:00:00+00:00,2021-04-25 22:00:00+00:00,Zone A
Pont de l'Ascension,2021-05-12 22:00:00+00:00,2021-05-16 22:00:00+00:00,Zone A
Pont de l'Ascension,2021-05-12 22:00:00+00:00,2021-05-16 22:00:00+00:00,Zone A
Vacances d'Été,2021-07-05 22:00:00+00:00,2021-09-01 22:00:00+00:00,Zone A
Vacances d'Été,2021-07-05 22:00:00+00:00,2021-09-01 22:00:00+00:00,Zone A
Vacances d'Été,2021-07-05 22:00:00+00:00,2021-08-31 22:00:00+00:00,Zone A
Vacances de la Toussaint,2021-10-22 22:00:00+00:00,2021-11-07 23:00:00+00:00,Zone A
Vacances de Noël,2021-12-17 23:00:00+00:00,2022-01-02 23:00:00+00:00,Zone A
Vacances de Noël,2021-12-17 23:00:00+00:00,2022-01-02 23:00:00+00:00,Zone A
Vacances d'Hiver,2022-02-11 23:00:00+00:00,2022-02-27 23:00:00+00:00,Zone A
Vacances de Printemps,2022-04-15 22:00:00+00:00,2022-05-01 22:00:00+00:00,Zone A
Vacances de Printemps,2022-04-15 22:00:00+00:00,2022-05-01 22:00:00+00:00,Zone A
Vacances de Printemps,2022-04-15 22:00:00+00:00,2022-05-01 22:00:00+00:00,Zone A
Vacances de Printemps,2022-04-15 22:00:00+00:00,2022-05-01 22:00:00+00:00,Zone A
Pont de l'Ascension,2022-05-25 22:00:00+00:00,2022-05-29 22:00:00+00:00,Zone A
Pont de l'Ascension,2022-05-25 22:00:00+00:00,2022-05-29 22:00:00+00:00,Zone A
Pont de l'Ascension,2022-05-25 22:00:00+00:00,2022-05-29 22:00:00+00:00,Zone A
Vacances d'Été,2022-07-06 22:00:00+00:00,2022-08-31 22:00:00+00:00,Zone A
Vacances d'Été,2022-07-06 22:00:00+00:00,2022-08-31 22:00:00+00:00,Zone A
Vacances d'Été,2022-07-06 22:00:00+00:00,2022-08-30 22:00:00+00:00,Zone A
Vacances d'Été,2022-07-06 22:00:00+00:00,2022-08-30 22:00:00+00:00,Zone A
Vacances d'Été,2022-07-06 22:00:00+00:00,2022-08-30 22:00:00+00:00,Zone A
Vacances de la Toussaint,2022-10-21 22:00:00+00:00,2022-11-06 23:00:00+00:00,Zone A
Vacances de Noël,2022-12-16 23:00:00+00:00,2023-01-02 23:00:00+00:00,Zone A
Vacances d'Hiver,2023-02-03 23:00:00+00:00,2023-02-19 23:00:00+00:00,Zone A
Pont de l'Ascension,2023-05-17 22:00:00+00:00,2023-05-21 22:00:00+00:00,Zone A
Vacances d'Été,2023-07-07 22:00:00+00:00,2023-09-03 22:00:00+00:00,Zone A
Vacances d'Été,2023-07-07 22:00:00+00:00,2023-08-31 22:00:00+00:00,Zone A
Vacances d'Été,2023-07-07 22:00:00+00:00,2023-08-31 22:00:00+00:00,Zone A
Vacances d'Été,2023-07-07 22:00:00+00:00,2023-08-31 22:00:00+00:00,Zone A
Vacances de la Toussaint,2023-10-20 22:00:00+00:00,2023-11-05 23:00:00+00:00,Zone A
Vacances de la Toussaint,2023-10-20 22:00:00+00:00,2023-11-05 23:00:00+00:00,Zone A
Vacances de la Toussaint,2023-10-20 22:00:00+00:00,2023-11-05 23:00:00+00:00,Zone A
Vacances d'Hiver,2024-02-16 23:00:00+00:00,2024-03-03 23:00:00+00:00,Zone A
Vacances de Printemps,2024-04-12 22:00:00+00:00,2024-04-28 22:00:00+00:00,Zone A
Vacances de Printemps,2024-04-12 22:00:00+00:00,2024-04-28 22:00:00+00:00,Zone A
Vacances de Printemps,2024-04-12 22:00:00+00:00,2024-04-28 22:00:00+00:00,Zone A
Pont de l'Ascension,2024-05-08 22:00:00+00:00,2024-05-12 22:00:00+00:00,Zone A
Vacances d'Été,2024-07-05 22:00:00+00:00,2024-09-01 22:00:00+00:00,Zone A
Vacances d'Été,2024-07-05 22:00:00+00:00,2024-09-01 22:00:00+00:00,Zone A
Vacances d'Été,2024-07-05 22:00:00+00:00,2024-09-01 22:00:00+00:00,Zone A
Vacances d'Été,2024-07-05 22:00:00+00:00,2024-08-29 22:00:00+00:00,Zone A
Vacances d'Été,2024-07-05 22:00:00+00:00,2024-08-29 22:00:00+00:00,Zone A
Vacances d'Été,2024-07-05 22:00:00+00:00,2024-08-29 22:00:00+00:00,Zone A
Vacances d'Été,2024-07-05 22:00:00+00:00,2024-08-29 22:00:00+00:00,Zone A
Vacances d'Été,2024-07-05 22:00:00+00:00,2024-08-29 22:00:00+00:00,Zone A
Vacances d'Hiver,2025-02-21 23:00:00+00:00,2025-03-09 23:00:00+00:00,Zone A
Vacances d'Hiver,2025-02-21 23:00:00+00:00,2025-03-09 23:00:00+00:00,Zone A
Vacances de Printemps,2025-04-18 22:00:00+00:00,2025-05-04 22:00:00+00:00,Zone A
Vacances de Printemps,2025-04-18 22:00:00+00:00,2025-05-04 22:00:00+00:00,Zone A
Pont de l'Ascension,2025-05-28 22:00:00+00:00,2025-06-01 22:00:00+00:00,Zone A
Vacances de la Toussaint,2025-10-17 22:00:00+00:00,2025-11-02 23:00:00+00:00,Zone A
Vacances de la Toussaint,2025-10-17 22:00:00+00:00,2025-11-02 23:00:00+00:00,Zone A
Vacances de Noël,2025-12-19 23:00:00+00:00,2026-01-04 23:00:00+00:00,Zone A
Vacances de Printemps,2026-04-03 22:00:00+00:00,2026-04-19 22:00:00+00:00,Zone A
Vacances de Printemps,2026-04-03 22:00:00+00:00,2026-04-19 22:00:00+00:00,Zone A
Pont de l'Ascension,2026-05-13 22:00:00+00:00,2026-05-17 22:00:00+00:00,Zone A
Début des Vacances d'Été,2026-07-03 22:00:00+00:00,2026-07-03 22:00:00+00:00,Zone A
Début des Vacances d'Été,2026-07-03 22:00:00+00:00,2026-07-03 22:00:00+00:00,Zone A
Vacances de la Toussaint,2017-10-20 22:00:00+00:00,2017-11-05 23:00:00+00:00,Zone B
Vacances de Noël,2017-12-22 23:00:00+00:00,2018-01-07 23:00:00+00:00,Zone B
Vacances de Noël,2017-12-22 23:00:00+00:00,2018-01-07 23:00:00+00:00,Zone B
Vacances de Noël,2017-12-22 23:00:00+00:00,2018-01-07 23:00:00+00:00,Zone B
Vacances de Noël,2017-12-22 23:00:00+00:00,2018-01-07 23:00:00+00:00,Zone B
Vacances de Noël,2017-12-22 23:00:00+00:00,2018-01-07 23:00:00+00:00,Zone B
Vacances de Noël,2017-12-22 23:00:00+00:00,2018-01-07 23:00:00+00:00,Zone B
Vacances d'Hiver,2018-02-23 23:00:00+00:00,2018-03-11 23:00:00+00:00,Zone B
Vacances d'Hiver,2018-02-23 23:00:00+00:00,2018-03-11 23:00:00+00:00,Zone B
Vacances d'Hiver,2018-02-23 23:00:00+00:00,2018-03-11 23:00:00+00:00,Zone B
Vacances d'Hiver,2018-02-23 23:00:00+00:00,2018-03-11 23:00:00+00:00,Zone B
Vacances de Printemps,2018-04-20 22:00:00+00:00,2018-05-06 22:00:00+00:00,Zone B
Vacances de Printemps,2018-04-20 22:00:00+00:00,2018-05-06 22:00:00+00:00,Zone B
Vacances de Printemps,2018-04-20 22:00:00+00:00,2018-05-06 22:00:00+00:00,Zone B
Vacances d'Été,2018-07-06 22:00:00+00:00,2018-09-02 22:00:00+00:00,Zone B
Vacances d'Été,2018-07-06 22:00:00+00:00,2018-09-02 22:00:00+00:00,Zone B
Vacances d'Été,2018-07-06 22:00:00+00:00,2018-09-02 22:00:00+00:00,Zone B
Vacances d'Été,2018-07-06 22:00:00+00:00,2018-08-30 22:00:00+00:00,Zone B
Vacances d'Été,2018-07-06 22:00:00+00:00,2018-08-30 22:00:00+00:00,Zone B
Vacances de la Toussaint,2018-10-19 22:00:00+00:00,2018-11-04 23:00:00+00:00,Zone B
Vacances de la Toussaint,2018-10-19 22:00:00+00:00,2018-11-04 23:00:00+00:00,Zone B
Vacances de la Toussaint,2018-10-19 22:00:00+00:00,2018-11-04 23:00:00+00:00,Zone B
Vacances de Noël,2018-12-21 23:00:00+00:00,2019-01-06 23:00:00+00:00,Zone B
Vacances de Noël,2018-12-21 23:00:00+00:00,2019-01-06 23:00:00+00:00,Zone B
Vacances de Noël,2018-12-21 23:00:00+00:00,2019-01-06 23:00:00+00:00,Zone B
Vacances d'Hiver,2019-02-08 23:00:00+00:00,2019-02-24 23:00:00+00:00,Zone B
Vacances d'Hiver,2019-02-08 23:00:00+00:00,2019-02-24 23:00:00+00:00,Zone B
Vacances d'Hiver,2019-02-08 23:00:00+00:00,2019-02-24 23:00:00+00:00,Zone B
Vacances de Printemps,2019-04-05 22:00:00+00:00,2019-04-22 22:00:00+00:00,Zone B
Pont de l'Ascension,2019-05-28 22:00:00+00:00,2019-06-02 22:00:00+00:00,Zone B
Pont de l'Ascension,2019-05-28 22:00:00+00:00,2019-06-02 22:00:00+00:00,Zone B
Vacances d'Été,2019-07-05 22:00:00+00:00,2019-09-01 22:00:00+00:00,Zone B
Vacances d'Été,2019-07-05 22:00:00+00:00,2019-09-01 22:00:00+00:00,Zone B
Vacances d'Été,2019-07-05 22:00:00+00:00,2019-09-01 22:00:00+00:00,Zone B
Vacances d'Été,2019-07-05 22:00:00+00:00,2019-08-29 22:00:00+00:00,Zone B
Vacances d'Été,2019-07-05 22:00:00+00:00,2019-08-29 22:00:00+00:00,Zone B
Vacances de la Toussaint,2019-10-18 22:00:00+00:00,2019-11-03 23:00:00+00:00,Zone B
Vacances de la Toussaint,2019-10-18 22:00:00+00:00,2019-11-03 23:00:00+00:00,Zone B
Vacances de Noël,2019-12-20 23:00:00+00:00,2020-01-05 23:00:00+00:00,Zone B
Vacances de Noël,2019-12-20 23:00:00+00:00,2020-01-05 23:00:00+00:00,Zone B
Vacances d'Hiver,2020-02-14 23:00:00+00:00,2020-03-01 23:00:00+00:00,Zone B
Vacances de Printemps,2020-04-10 22:00:00+00:00,2020-04-26 22:00:00+00:00,Zone B
Vacances de Printemps,2020-04-10 22:00:00+00:00,2020-04-26 22:00:00+00:00,Zone B
Vacances de Printemps,2020-04-10 22:00:00+00:00,2020-04-26 22:00:00+00:00,Zone B
Pont de l'Ascension,2020-05-19 22:00:00+00:00,2020-05-24 22:00:00+00:00,Zone B
Pont de l'Ascension,2020-05-19 22:00:00+00:00,2020-05-24 22:00:00+00:00,Zone B
Vacances d'Été,2020-07-03 22:00:00+00:00,2020-08-31 22:00:00+00:00,Zone B
Vacances d'Été,2020-07-03 22:00:00+00:00,2020-08-30 22:00:00+00:00,Zone B
Vacances d'Été,2020-07-03 22:00:00+00:00,2020-08-30 22:00:00+00:00,Zone B
Vacances de la Toussaint,2020-10-16 22:00:00+00:00,2020-11-01 23:00:00+00:00,Zone B
Vacances de la Toussaint,2020-10-16 22:00:00+00:00,2020-11-01 23:00:00+00:00,Zone B
Vacances de Noël,2020-12-18 23:00:00+00:00,2021-01-03 23:00:00+00:00,Zone B
Vacances de Noël,2020-12-18 23:00:00+00:00,2021-01-03 23:00:00+00:00,Zone B
Vacances de Noël,2020-12-18 23:00:00+00:00,2021-01-03 23:00:00+00:00,Zone B
Vacances d'Hiver,2021-02-19 23:00:00+00:00,2021-03-07 23:00:00+00:00,Zone B
Vacances d'Hiver,2021-02-19 23:00:00+00:00,2021-03-07 23:00:00+00:00,Zone B
Vacances de Printemps,2021-04-09 22:00:00+00:00,2021-04-25 22:00:00+00:00,Zone B
Vacances de Printemps,2021-04-09 22:00:00+00:00,2021-04-25 22:00:00+00:00,Zone B
Vacances de Printemps,2021-04-09 22:00:00+00:00,2021-04-25 22:00:00+00:00,Zone B
Pont de l'Ascension,2021-05-12 22:00:00+00:00,2021-05-16 22:00:00+00:00,Zone B
Pont de l'Ascension,2021-05-12 22:00:00+00:00,2021-05-16 22:00:00+00:00,Zone B
