name,datetime,tempmax,tempmin,temp,feelslikemax,feelslikemin,feelslike,dew,humidity,precip,precipprob,precipcover,preciptype,snow,snowdepth,windgust,windspeed,winddir,sealevelpressure,cloudcover,visibility,solarradiation,solarenergy,uvindex,severerisk,sunrise,sunset,moonphase,conditions,description,icon,stations
"Lille, Hauts-de-France, France",2025-01-01,49.8,40.7,45.7,42.1,33.6,37.6,41.8,86.3,0.354,100,20.83,rain,0,0,45.1,29.5,203.2,1014.4,99.3,17,12.6,1.1,1,,2025-01-01T08:49:15,2025-01-01T16:53:51,0.05,"Rain, Overcast",Cloudy skies throughout the day with late afternoon rain.,rain,"06414099999,59580003,F2929,06432099999,06400099999,62516002,59606004,06428099999,LFQQ,62873001,07015099999,59343001"
"Lille, Hauts-de-France, France",2025-01-02,42.6,31.5,38.9,38.3,23.7,33.6,37.3,94,0.211,100,37.5,rain,0,0,22.7,12.5,274.2,1015.9,72.2,13.3,21.8,1.9,1,,2025-01-02T08:49:08,2025-01-02T16:54:55,0.09,"Rain, Partially cloudy",Partly cloudy throughout the day with rain clearing later.,rain,"06414099999,59580003,F2929,62516002,59606004,59343001,07015099999"
"Lille, Hauts-de-France, France",2025-01-03,39.5,28.3,33.6,33.2,20.7,26.5,30.3,88.3,0.006,100,8.33,"rain,snow",0,0,20.7,12.7,249,1023,41.5,20.3,13.2,1.2,1,,2025-01-03T08:48:58,2025-01-03T16:56:02,0.13,"Snow, Rain, Partially cloudy",Becoming cloudy in the afternoon with rain or snow.,rain,"06414099999,59580003,F2929,62516002,59606004,59343001,07015099999"
"Lille, Hauts-de-France, France",2025-01-04,35.9,28.8,32.6,33.1,23.8,27.6,30.2,90.7,0,0,0,,0,0,20.7,11.5,142.1,1018.3,92.4,8.5,23.8,2,1,,2025-01-04T08:48:45,2025-01-04T16:57:11,0.16,Overcast,Cloudy skies throughout the day.,cloudy,"06414099999,59580003,F2929,62516002,59606004,59343001,07015099999"
"Lille, Hauts-de-France, France",2025-01-05,53.7,32.6,45.3,53.7,23.9,42.3,43.8,94.6,0.381,100,70.83,"rain,snow",0.5,0,37.6,23,182.5,995.4,100,8.7,6.9,0.6,0,,2025-01-05T08:48:28,2025-01-05T16:58:22,0.2,"Snow, Rain, Overcast",Cloudy skies throughout the day with a chance of rain or snow throughout the day.,snow,"06414099999,59580003,F2929,62516002,59606004,59343001,07015099999"
"Lille, Hauts-de-France, France",2025-01-06,53,39.3,47.9,53,31.5,44.1,43.1,83.6,0.128,100,29.17,rain,0,0,57.1,32,198.9,987.4,94.1,24,12,1,1,,2025-01-06T08:48:08,2025-01-06T16:59:35,0.23,"Rain, Overcast",Cloudy skies throughout the day with a chance of rain throughout the day.,rain,"06414099999,59580003,F2929,62516002,59606004,59343001,07015099999"
"Lille, Hauts-de-France, France",2025-01-07,40.7,34.1,37.4,32,25.2,29,35.6,93.3,0.336,100,45.83,"rain,snow",0,0,37.6,19.6,216,1000.4,85.5,21.2,13.4,1.2,1,,2025-01-07T08:47:45,2025-01-07T17:00:51,0.25,"Snow, Rain, Partially cloudy",Partly cloudy throughout the day with a chance of rain or snow throughout the day.,rain,"06414099999,59580003,F2929,62516002,59606004,62298001,62873001,59343001,07015099999"
"Lille, Hauts-de-France, France",2025-01-08,37.5,31.3,33.8,34.5,22.8,28.6,33.3,98.1,0.053,100,33.33,"rain,snow",0,0.1,26,15.8,101.8,1002.3,78.5,5.7,14.4,1.3,1,,2025-01-08T08:47:19,2025-01-08T17:02:09,0.3,"Snow, Rain, Partially cloudy",Partly cloudy throughout the day with rain or snow.,rain,"06414099999,59580003,F2929,62516002,59606004,62873001,59343001,07015099999"
"Lille, Hauts-de-France, France",2025-01-09,36.3,31.5,33.4,28.4,23.4,25.3,32.3,95.8,0.046,100,33.33,"rain,snow",0.9,1,23.6,13.6,322.3,1005.4,67.1,6.1,12.9,1.1,1,,2025-01-09T08:46:50,2025-01-09T17:03:28,0.34,"Snow, Rain, Partially cloudy",Partly cloudy throughout the day with a chance of rain or snow throughout the day.,snow,"06414099999,59580003,F2929,62516002,59606004,62298001,62873001,59343001,07015099999"
"Lille, Hauts-de-France, France",2025-01-10,40,24.2,29.7,40,21.6,29,28.1,94,0.007,100,4.17,"rain,snow",0,1.2,11.6,8.9,222.9,1020,21.5,3.7,20.5,1.8,2,,2025-01-10T08:46:18,2025-01-10T17:04:50,0.38,"Snow, Rain, Partially cloudy",Becoming cloudy in the afternoon with afternoon rain or snow.,rain,"06414099999,59580003,F2929,62516002,59606004,59343001,07015099999"
"Lille, Hauts-de-France, France",2025-01-11,32,21.9,28.9,31.8,18.5,25.9,28.8,99.3,0.007,100,4.17,"rain,snow",0,1.2,11.2,6.6,190.6,1028.6,63.2,0.3,22.5,1.9,2,,2025-01-11T08:45:43,2025-01-11T17:06:14,0.41,"Snow, Rain, Partially cloudy",Partly cloudy throughout the day with afternoon rain or snow.,rain,"06414099999,59580003,F2929,62516002,59606004,59343001,07015099999"
"Lille, Hauts-de-France, France",2025-01-12,39.8,31.4,34.4,39.8,26.2,32,34.3,99.3,0.001,100,4.17,rain,0,0.8,9.8,5.7,270.3,1039.6,94.3,0.8,18.6,1.6,1,,2025-01-12T08:45:04,2025-01-12T17:07:39,0.45,"Rain, Overcast",Cloudy skies throughout the day with afternoon rain.,rain,"06414099999,59580003,F2929,62516002,59606004,59343001,07015099999"
"Lille, Hauts-de-France, France",2025-01-13,39.2,24.7,31.2,39,24.7,31,29.3,93,0.007,100,4.17,rain,0,0.1,9.3,5.7,90.1,1041.3,54.5,2.2,21.3,1.7,3,,2025-01-13T08:44:23,2025-01-13T17:09:07,0.5,"Rain, Partially cloudy",Partly cloudy throughout the day with afternoon rain.,rain,"06414099999,59580003,F2929,62516002,59606004,59343001,07015099999"
"Lille, Hauts-de-France, France",2025-01-14,39.5,23.1,31,35.4,17.8,27.8,28.5,91.1,0.004,100,4.17,rain,0,0,12,6.9,196.2,1036.2,59.3,3.2,27.5,2.4,2,,2025-01-14T08:43:39,2025-01-14T17:10:35,0.52,"Rain, Partially cloudy",Partly cloudy throughout the day with afternoon rain.,rain,"06414099999,59580003,F2929,62516002,59606004,62873001,59343001,07015099999"
"Lille, Hauts-de-France, France",2025-01-15,45.1,37.1,40.6,45,34.5,39.8,40.6,99.8,0.005,100,8.33,rain,0,0,8.1,5.4,249.6,1034.3,100,0.2,14.4,1.2,1,,2025-01-15T08:42:52,2025-01-15T17:12:06,0.55,"Rain, Overcast",Cloudy skies throughout the day with rain.,rain,"06414099999,59580003,F2929,D8013,62516002,59606004,62873001,59343001,07015099999"
"Lille, Hauts-de-France, France",2025-01-16,43,35.8,39,40.5,32.9,37.2,38.4,97.6,0,0,0,,0,0,13.9,7.9,126.4,1035.7,100,2.7,17.5,1.3,1,,2025-01-16T08:42:02,2025-01-16T17:13:38,0.58,Overcast,Cloudy skies throughout the day.,cloudy,"06414099999,59580003,F2929,62516002,59606004,59343001,07015099999"
"Lille, Hauts-de-France, France",2025-01-17,37.3,32.1,35,35.5,26.9,31.9,34.2,97,0,0,0,,0,0,11.9,6.7,140.6,1036.8,97.5,1.8,11.7,1.1,1,,2025-01-17T08:41:10,2025-01-17T17:15:11,0.61,Overcast,Cloudy skies throughout the day.,cloudy,"06414099999,59580003,F2929,62516002,59606004,59343001,07015099999"
"Lille, Hauts-de-France, France",2025-01-18,33.5,28.9,31.6,29.2,22.3,26.4,31.1,98.2,0,0,0,,0,0,15.1,8.1,90.4,1030.7,100,1.7,9.7,0.9,1,,2025-01-18T08:40:14,2025-01-18T17:16:45,0.65,Overcast,Cloudy skies throughout the day.,cloudy,"06414099999,59580003,F2929,62516002,59606004,59343001,07015099999"
"Lille, Hauts-de-France, France",2025-01-19,33.4,30.5,31.7,29.2,24.1,26.8,30.4,95,0,0,0,,0,0,15.1,6.7,145.4,1023.1,100,2.2,11.4,0.9,1,,2025-01-19T08:39:16,2025-01-19T17:18:21,0.68,Overcast,Cloudy skies throughout the day.,cloudy,"06414099999,59580003,F2929,62516002,59606004,59343001,07015099999"
"Lille, Hauts-de-France, France",2025-01-20,34.1,30.2,31.7,31.7,23.7,27.1,30.7,96,0,0,0,,0,0,11.4,7.1,167.2,1019.8,99.7,2.1,14.9,1.3,1,,2025-01-20T08:38:16,2025-01-20T17:19:58,0.71,Overcast,Cloudy skies throughout the day.,cloudy,"06414099999,59580003,F2929,62516002,59606004,59343001,07015099999"
"Lille, Hauts-de-France, France",2025-01-21,34.2,27.1,30.3,31.7,20.8,24.8,30,98.9,0,0,0,,0,0,13.3,7.9,145.1,1015.7,61,1.3,22.2,1.8,1,,2025-01-21T08:37:12,2025-01-21T17:21:36,0.75,Partially cloudy,Partly cloudy throughout the day.,partly-cloudy-day,"06414099999,59580003,F2929,62516002,59606004,59343001,07015099999"
"Lille, Hauts-de-France, France",2025-01-22,40.6,31.8,36.9,38.6,28.2,32.8,36.5,98.4,0.24,100,50,"rain,snow",0,0,12.3,7.7,163.3,1004.2,84.4,2.1,7,0.7,0,,2025-01-22T08:36:07,2025-01-22T17:23:15,0.77,"Snow, Rain, Partially cloudy",Partly cloudy throughout the day with rain or snow.,rain,"06414099999,59580003,F2929,62516002,59606004,62298001,62873001,59343001,07015099999"
"Lille, Hauts-de-France, France",2025-01-23,44.5,35.2,40.9,36.3,29.5,33.7,38.3,90.7,0.008,100,8.33,rain,0,0,38.6,24.2,212.1,1005.8,76,7.6,27.6,2.5,1,,2025-01-23T08:34:58,2025-01-23T17:24:55,0.81,"Rain, Partially cloudy",Partly cloudy throughout the day with rain.,rain,"06414099999,59580003,F2929,62516002,59606004,62298001,62873001,59343001,07015099999"
"Lille, Hauts-de-France, France",2025-01-24,48.4,41,45.8,43.5,34.8,39.5,43.5,91.7,0.163,100,54.17,rain,0,0,43.2,26.1,188,1002.6,97.8,11.9,7.7,0.7,0,,2025-01-24T08:33:48,2025-01-24T17:26:36,0.84,"Rain, Overcast",Cloudy skies throughout the day with rain.,rain,"06414099999,59580003,F2929,62516002,59606004,59343001,07015099999"
"Lille, Hauts-de-France, France",2025-01-25,49.4,40.6,43.8,44.8,35.3,40.3,41.5,91.8,0.217,100,50,rain,0,0,22.4,11.5,310.5,1004.2,96.4,8.7,21.2,1.7,2,,2025-01-25T08:32:34,2025-01-25T17:28:17,0.87,"Rain, Overcast",Cloudy skies throughout the day with a chance of rain throughout the day.,rain,"06414099999,59580003,F2929,62516002,59606004,59343001,07015099999"
"Lille, Hauts-de-France, France",2025-01-26,47.9,33.5,39.4,41.9,26.4,32.7,36.6,89.8,0.048,100,20.83,rain,0,0,42.1,23.9,149.4,1002.8,83.9,11.8,23.3,2,1,,2025-01-26T08:31:19,2025-01-26T17:29:59,0.9,"Rain, Partially cloudy",Partly cloudy throughout the day with rain.,rain,"06414099999,59580003,F2929,62516002,59606004,59343001,07015099999"
"Lille, Hauts-de-France, France",2025-01-27,51.8,45,49,51.8,37.7,44.3,42.2,77.6,0.062,100,16.67,rain,0,0,46.9,27.2,190.3,988.7,69.7,16.3,55.1,4.8,4,,2025-01-27T08:30:01,2025-01-27T17:31:42,0.93,"Rain, Partially cloudy",Partly cloudy throughout the day with early morning rain.,rain,"06414099999,59580003,F2929,62516002,59606004,62873001,59343001,07015099999"
"Lille, Hauts-de-France, France",2025-01-28,49.6,44.5,46.5,42.5,36.5,39.1,42,84.5,0.094,100,37.5,rain,0,0,43.6,27,188,989.5,80.7,14.7,23.3,2,1,,2025-01-28T08:28:41,2025-01-28T17:33:26,0.97,"Rain, Partially cloudy",Partly cloudy throughout the day with a chance of rain throughout the day.,rain,"06414099999,59580003,F2929,62516002,59606004,59343001,07015099999"
"Lille, Hauts-de-France, France",2025-01-29,48.1,42.4,45.4,43.5,37.4,40.3,42.3,89,0.125,100,41.67,rain,0,0,30.5,19.3,218.2,1003.4,91.6,10.5,36,3.1,2,,2025-01-29T08:27:19,2025-01-29T17:35:10,0,"Rain, Overcast",Cloudy skies throughout the day with rain.,rain,"06414099999,59580003,F2929,62516002,59606004,62873001,59343001,07015099999"
"Lille, Hauts-de-France, France",2025-01-30,46.2,33.5,42.2,44.4,28,37.4,40.4,93.5,0.254,100,62.5,rain,0,0,23.2,15.5,339.9,1016.1,78.6,7.5,27.8,2.4,2,,2025-01-30T08:25:55,2025-01-30T17:36:54,0.03,"Rain, Partially cloudy",Partly cloudy throughout the day with a chance of rain throughout the day.,rain,"06414099999,59580003,F2929,62516002,59606004,59343001,07015099999"
"Lille, Hauts-de-France, France",2025-01-31,45.9,31.8,37.6,41.1,29.1,34.3,34.4,88.7,0,0,0,,0,0,17.4,11.3,173.5,1027.3,75.4,10.7,52,4.5,3,,2025-01-31T08:24:29,2025-01-31T17:38:39,0.07,Partially cloudy,Partly cloudy throughout the day.,partly-cloudy-day,"06414099999,59580003,F2929,62516002,59606004,62873001,59343001,07015099999"
"Lille, Hauts-de-France, France",2025-02-01,44.7,29.9,35.7,42.8,24.1,32.5,31.7,86.4,0.004,100,4.17,rain,0,0,10.1,7.5,78.9,1030.4,0,5.2,64,5.6,4,,2025-02-01T08:23:01,2025-02-01T17:40:25,0.1,Rain,Clear conditions throughout the day with morning rain.,rain,"06414099999,59580003,F2929,62516002,59606004,59343001,07015099999"
"Lille, Hauts-de-France, France",2025-02-02,42.9,26.6,33.1,39.4,23.1,30.4,29.8,88.1,0,0,0,,0,0,11.3,7,126.4,1024.8,0,4.3,63.7,5.6,4,,2025-02-02T08:21:30,2025-02-02T17:42:10,0.14,Clear,Clear conditions throughout the day.,clear-day,"06414099999,59580003,F2929,62516002,59606004,59343001,07015099999"
"Lille, Hauts-de-France, France",2025-02-03,43,26.7,34,38.7,20.9,30.9,32.3,94,0.004,100,4.17,rain,0,0,14.2,9.2,161.4,1027.1,34.4,2.1,54.5,4.8,3,,2025-02-03T08:19:58,2025-02-03T17:43:56,0.18,"Rain, Partially cloudy",Partly cloudy throughout the day with afternoon rain.,rain,"06414099999,59580003,F2929,62516002,59606004,59343001,07015099999"
"Lille, Hauts-de-France, France",2025-02-04,36.1,32.3,34.2,28,22,25.6,33.3,96.4,0,0,0,,0,0,24.7,15.7,170.4,1028,98,3.4,24.4,2.2,2,,2025-02-04T08:18:24,2025-02-04T17:45:42,0.21,Overcast,Cloudy skies throughout the day.,cloudy,"06414099999,59580003,F2929,62516002,59606004,59343001,07015099999"
"Lille, Hauts-de-France, France",2025-02-05,46.1,35.7,39.4,44,28.2,36,38.6,97.2,0,0,0,,0,0,18.8,11.5,168.8,1037.4,74.2,1.9,48,4.3,3,,2025-02-05T08:16:48,2025-02-05T17:47:28,0.25,Partially cloudy,Partly cloudy throughout the day.,partly-cloudy-day,"06414099999,59580003,F2929,62516002,59606004,62873001,59343001,07015099999"
"Lille, Hauts-de-France, France",2025-02-06,43,36,39.9,38.8,32.1,35.2,37,90.1,0,0,0,,0,0,24.1,15.1,38,1039.8,99.2,5,19.3,1.6,1,,2025-02-06T08:15:11,2025-02-06T17:49:15,0.28,Overcast,Cloudy skies throughout the day.,cloudy,"06414099999,59580003,F2929,62516002,59606004,62873001,59343001,07015099999"
"Lille, Hauts-de-France, France",2025-02-07,40.7,37.7,39.2,33.3,28,30.8,32.9,78,0,0,0,,0,0,30,18.3,58.9,1024.1,96.8,8.9,13.3,1.2,1,,2025-02-07T08:13:31,2025-02-07T17:51:01,0.32,Overcast,Cloudy skies throughout the day.,cloudy,"06414099999,59580003,F2929,62516002,59606004,62298001,62873001,59343001,07015099999"
"Lille, Hauts-de-France, France",2025-02-08,46.1,37.6,41.2,40.8,30.7,35.9,36.8,84.3,0.012,100,12.5,rain,0,0,19.8,12.6,116.5,1019,95.6,8.2,24.9,2.2,2,,2025-02-08T08:11:50,2025-02-08T17:52:48,0.35,"Rain, Overcast",Cloudy skies throughout the day with morning rain.,rain,"06414099999,59580003,F2929,62516002,59606004,59343001,07015099999"
"Lille, Hauts-de-France, France",2025-02-09,44.7,39.1,40.8,41.5,32.8,35.7,38.4,91.5,0.09,100,33.33,rain,0,0,17.3,10.1,77.9,1026.7,94.8,11.4,53.1,4.8,4,,2025-02-09T08:10:08,2025-02-09T17:54:34,0.39,"Rain, Overcast",Cloudy skies throughout the day with rain clearing later.,rain,"06414099999,59580003,F2929,62516002,59606004,62298001,62873001,59343001,07015099999"
"Lille, Hauts-de-France, France",2025-02-10,38.9,35.7,36.9,34.7,26.8,29.7,36.1,96.7,0.287,100,45.83,rain,0,0,23.2,13.9,35.1,1021.1,83.1,1.3,14.3,1.3,1,,2025-02-10T08:08:24,2025-02-10T17:56:20,0.42,"Rain, Partially cloudy",Partly cloudy throughout the day with rain.,rain,"06414099999,59580003,F2929,62516002,59606004,62298001,62873001,59343001,07015099999"
"Lille, Hauts-de-France, France",2025-02-11,40.9,37.1,39,35.9,29.7,32.9,38.2,97.1,0.081,100,45.83,rain,0,0,18.4,12,234.7,1017.2,99.8,2.1,11.4,1,1,,2025-02-11T08:06:38,2025-02-11T17:58:07,0.46,"Rain, Overcast",Cloudy skies throughout the day with a chance of rain throughout the day.,rain,"06414099999,59580003,F2929,62516002,59606004,62298001,62873001,59343001,07015099999"
"Lille, Hauts-de-France, France",2025-02-12,42.8,37.6,39.4,39.8,34.7,37.1,37.2,92,0.003,100,4.17,rain,0,0,11.5,5.8,245.3,1018.2,100,3.9,28.5,2.5,2,,2025-02-12T08:04:51,2025-02-12T17:59:53,0.5,"Rain, Overcast",Cloudy skies throughout the day with morning rain.,rain,"06414099999,59580003,F2929,D8013,62516002,59606004,62873001,59343001,07015099999"
"Lille, Hauts-de-France, France",2025-02-13,39.4,32.2,36.7,35.5,25.6,31.8,33.5,88.3,0.005,100,8.33,rain,0,0,19,12.4,351,1021.5,97.8,3.3,15.2,1.2,1,,2025-02-13T08:03:02,2025-02-13T18:01:39,0.53,"Rain, Overcast",Cloudy skies throughout the day with morning rain.,rain,"06414099999,59580003,F2929,62516002,59606004,59343001,07015099999"
"Lille, Hauts-de-France, France",2025-02-14,37.8,26.6,31.7,32.2,20.3,26,27.2,83.7,0,0,0,,0,0,15.7,10,78.9,1026.6,19.1,3.3,87.4,7.5,4,,2025-02-14T08:01:12,2025-02-14T18:03:25,0.56,Clear,Clear conditions throughout the day.,clear-day,"06414099999,59580003,F2929,D8013,62516002,59606004,62873001,59343001,07015099999"
"Lille, Hauts-de-France, France",2025-02-15,37.4,25.4,32.4,32.9,17.5,26.9,26.4,79.3,0.004,100,4.17,rain,0,0,17.7,11.3,92.7,1022.8,49.3,5.7,53.6,4.7,3,,2025-02-15T07:59:21,2025-02-15T18:05:11,0.59,"Rain, Partially cloudy",Partly cloudy throughout the day with afternoon rain.,rain,"06414099999,59580003,D8013,F2929,62516002,59606004,59343001,07015099999"
"Lille, Hauts-de-France, France",2025-02-16,37.3,29.9,32.9,30.2,21.8,25.6,28.6,84.2,0,0,0,,0,0,18.3,11.5,53.9,1020.1,80.2,5.2,39.1,3.4,2,,2025-02-16T07:57:29,2025-02-16T18:06:57,0.63,Partially cloudy,Partly cloudy throughout the day.,partly-cloudy-day,"06414099999,59580003,F2929,62516002,59606004,62873001,59343001,07015099999"
"Lille, Hauts-de-France, France",2025-02-17,39.1,26.8,32.5,33,19.3,25.9,25.1,74.8,0,0,0,,0,0,15.7,9.9,54,1022.4,40.9,6,102.3,8.8,5,,2025-02-17T07:55:35,2025-02-17T18:08:43,0.66,Partially cloudy,Becoming cloudy in the afternoon.,partly-cloudy-day,"06414099999,59580003,F2929,62516002,59606004,59343001,07015099999"
"Lille, Hauts-de-France, France",2025-02-18,41.2,28.2,33.5,34.3,21.3,26.8,25.2,72,0,0,0,,0,0,19.7,13.7,70.8,1021.9,41,5.9,102.1,8.7,4,,2025-02-18T07:53:40,2025-02-18T18:10:28,0.69,Partially cloudy,Partly cloudy throughout the day.,partly-cloudy-day,"06414099999,59580003,F2929,62516002,59606004,59343001,07015099999"
"Lille, Hauts-de-France, France",2025-02-19,46.2,28.7,36.9,40.9,20.8,30.6,29.3,74,0,0,0,,0,0,20.6,12.5,125.7,1019.2,58.4,5.5,85.5,7.3,4,,2025-02-19T07:51:44,2025-02-19T18:12:13,0.72,Partially cloudy,Partly cloudy throughout the day.,partly-cloudy-day,"06414099999,59580003,F2929,62516002,59606004,62873001,59343001,07015099999"
"Lille, Hauts-de-France, France",2025-02-20,54.1,37.7,47.2,54.1,31.9,44.8,44.5,90.4,0,0,0,,0,0,25.3,16,170.9,1019.8,74.7,6.4,37.5,3.3,2,,2025-02-20T07:49:46,2025-02-20T18:13:58,0.75,Partially cloudy,Partly cloudy throughout the day.,partly-cloudy-day,"06414099999,59580003,F2929,62516002,59606004,62298001,62873001,59343001,07015099999"
"Lille, Hauts-de-France, France",2025-02-21,60.7,50.3,55.2,60.7,50.3,55.2,49.5,81.5,0.05,100,8.33,rain,0,0,31,17,158.1,1016.2,94.2,7.7,67,5.7,4,,2025-02-21T07:47:48,2025-02-21T18:15:43,0.79,"Rain, Overcast",Cloudy skies throughout the day with early morning rain.,rain,"06414099999,59580003,F2929,62516002,59606004,62873001,59343001,07015099999"
"Lille, Hauts-de-France, France",2025-02-22,54.2,46.1,50.7,54.2,42,49.4,48,90.7,0.121,100,50,rain,0,0,22.2,14.5,191.7,1014.8,88.5,7.2,21.5,1.9,1,,2025-02-22T07:45:49,2025-02-22T18:17:27,0.82,"Rain, Partially cloudy",Partly cloudy throughout the day with a chance of rain throughout the day.,rain,"06414099999,59580003,F2929,62516002,59606004,62873001,59343001,07015099999"
"Lille, Hauts-de-France, France",2025-02-23,57.6,39.5,48.8,57.6,35.8,47.3,43.3,82.8,0.004,100,4.17,rain,0,0,30.2,18,179.4,1025.5,64.5,8.2,104.4,9,5,,2025-02-23T07:43:48,2025-02-23T18:19:11,0.85,"Rain, Partially cloudy",Partly cloudy throughout the day with early morning rain.,rain,"06414099999,59580003,F2929,62516002,59606004,59343001,07015099999"
"Lille, Hauts-de-France, France",2025-02-24,53.8,44.9,51.4,53.8,41.1,50.7,45.3,79.9,0.018,100,20.83,rain,0,0,35.9,21.6,192.4,1016.9,79.5,14.8,29.5,2.4,1,,2025-02-24T07:41:47,2025-02-24T18:20:55,0.88,"Rain, Partially cloudy",Partly cloudy throughout the day with rain.,rain,"06414099999,59580003,F2929,62516002,59606004,59343001,07015099999"
"Lille, Hauts-de-France, France",2025-02-25,51.9,43.2,47.2,51.9,38.3,44.3,45,92.4,0.014,100,12.5,rain,0,0,26.1,15.7,319.5,1013.4,89.7,6.4,35.5,2.9,2,,2025-02-25T07:39:45,2025-02-25T18:22:39,0.92,"Rain, Partially cloudy",Partly cloudy throughout the day with late afternoon rain.,rain,"06414099999,59580003,F2929,62516002,59606004,62873001,59343001,07015099999"
"Lille, Hauts-de-France, France",2025-02-26,49.5,37.4,43.9,43.8,31.6,38.5,40.6,88.4,0.079,100,20.83,rain,0,0,32.2,19,208.8,1016,61.7,9.9,69.3,5.8,4,,2025-02-26T07:37:42,2025-02-26T18:24:22,0.95,"Rain, Partially cloudy",Partly cloudy throughout the day with rain.,rain,"06414099999,59580003,F2929,62516002,59606004,62873001,59343001,07015099999"
"Lille, Hauts-de-France, France",2025-02-27,44.9,37.1,41.5,39,30.7,35.1,38.8,90.4,0.039,100,29.17,rain,0,0,32.8,20.4,261.8,1017.6,87.2,11.7,49.3,4.4,3,,2025-02-27T07:35:38,2025-02-27T18:26:05,0.98,"Rain, Partially cloudy",Partly cloudy throughout the day with rain.,rain,"06414099999,59580003,F2929,62516002,59606004,59343001,07015099999"
"Lille, Hauts-de-France, France",2025-02-28,48.1,37.5,42.3,43.9,32.3,37,38.6,87.2,0.009,100,12.5,rain,0,0,24.4,13.5,339.3,1026.7,63.6,11.3,67.8,6,4,,2025-02-28T07:33:33,2025-02-28T18:27:48,0,"Rain, Partially cloudy",Partly cloudy throughout the day with rain in the morning and afternoon.,rain,"06414099999,59580003,F2929,D8013,62516002,59606004,62298001,62873001,59343001,07015099999"
"Lille, Hauts-de-France, France",2025-03-01,44.4,33.9,38.8,38.7,28.1,33.4,34.8,86.4,0.001,100,4.17,rain,0,0,19,12.4,37.3,1032.7,63.2,5.5,74.1,6.5,6,,2025-03-01T07:31:28,2025-03-01T18:29:30,0.05,"Rain, Partially cloudy",Partly cloudy throughout the day with afternoon rain.,rain,"06414099999,59580003,F2929,62516002,59606004,59343001,07015099999"
"Lille, Hauts-de-France, France",2025-03-02,48.3,31.7,39,44.7,25.4,34.2,33.1,80.4,0.004,100,4.17,rain,0,0,19.4,10.9,43.9,1033.9,5.3,4.9,129.1,11.3,5,,2025-03-02T07:29:22,2025-03-02T18:31:12,0.09,Rain,Clear conditions throughout the day with morning rain.,rain,"06414099999,59580003,F2929,62516002,59606004,62298001,62873001,59343001,07015099999"
"Lille, Hauts-de-France, France",2025-03-03,51.9,28.1,39.9,51.9,28.1,38.9,33.4,79.8,0.004,100,4.17,rain,0,0,12.2,6.6,46.3,1029.4,3,3.4,133.3,11.5,5,,2025-03-03T07:27:15,2025-03-03T18:32:54,0.12,Rain,Clear conditions throughout the day with morning rain.,rain,"06414099999,59580003,F2929,62516002,59606004,59343001,07015099999"
"Lille, Hauts-de-France, France",2025-03-04,60.4,32,43.5,60.4,30.5,42.5,33.3,72.1,0.004,100,4.17,rain,0,0,10.1,7.6,46.8,1026.2,5.2,4.6,138.8,12.1,5,,2025-03-04T07:25:07,2025-03-04T18:34:36,0.16,Rain,Clear conditions throughout the day with morning rain.,rain,"06414099999,59580003,F2929,62516002,59606004,59343001,07015099999"
"Lille, Hauts-de-France, France",2025-03-05,60.4,30.5,44.9,60.4,30.5,44.6,35.6,73,0,0,0,,0,0,16.8,9.9,173.6,1023.4,0,5.2,145.9,12.9,5,,2025-03-05T07:22:59,2025-03-05T18:36:17,0.19,Clear,Clear conditions throughout the day.,clear-day,"06414099999,59580003,F2929,62516002,59606004,62873001,59343001,07015099999"
"Lille, Hauts-de-France, France",2025-03-06,62.7,37.7,48.7,62.7,34.2,47.7,36.5,66.8,0.004,100,4.17,rain,0,0,21.2,13.5,153.5,1017.5,5.4,6.7,148,12.8,6,,2025-03-06T07:20:51,2025-03-06T18:37:58,0.25,Rain,Clear conditions throughout the day with morning rain.,rain,"06414099999,59580003,F2929,62516002,59606004,59343001,07015099999"
"Lille, Hauts-de-France, France",2025-03-07,64,42.8,51.6,64,38.8,50.2,37.8,61,0,0,0,,0,0,22.3,13.7,140.7,1015.1,15.3,9.8,143.2,12.2,5,,2025-03-07T07:18:41,2025-03-07T18:39:39,0.26,Clear,Clear conditions throughout the day.,clear-day,"06414099999,59580003,F2929,62516002,59606004,59343001,07015099999"
"Lille, Hauts-de-France, France",2025-03-08,66.5,42.9,53.9,66.5,38.7,52.4,36.8,54.4,0,0,0,,0,0,25.2,15.7,113.8,1010.2,33,9.6,145.7,12.6,6,,2025-03-08T07:16:32,2025-03-08T18:41:19,0.3,Partially cloudy,Partly cloudy throughout the day.,partly-cloudy-day,"06414099999,59580003,F2929,62516002,59606004,59343001,07015099999"
"Lille, Hauts-de-France, France",2025-03-09,66.3,44.8,54.6,66.3,41.4,53.3,38.1,54.9,0,0,0,,0,0,18.5,11.1,112,1003.7,51.6,8.1,142.3,12.3,5,,2025-03-09T07:14:21,2025-03-09T18:43:00,0.33,Partially cloudy,Partly cloudy throughout the day.,partly-cloudy-day,"06414099999,59580003,F2929,62516002,59606004,59343001,07015099999"
"Lille, Hauts-de-France, France",2025-03-10,60.7,42.9,52,60.7,41.8,51.5,40.5,65.5,0,0,0,,0,0,11.8,7.1,2.9,1001.4,36.7,3.9,78.1,6.6,5,,2025-03-10T07:12:11,2025-03-10T18:44:40,0.37,Partially cloudy,Partly cloudy throughout the day.,partly-cloudy-day,"06414099999,59580003,F2929,62516002,59606004,59343001,07015099999"
"Lille, Hauts-de-France, France",2025-03-11,48.1,38.7,44.4,46.9,33.8,39.9,37.8,77.9,0,0,0,,0,0,22.6,13.6,351.6,1004.5,79.1,8,39.2,3.4,2,,2025-03-11T07:10:00,2025-03-11T18:46:20,0.4,Partially cloudy,Partly cloudy throughout the day.,partly-cloudy-day,"06414099999,59580003,F2929,62516002,59606004,59343001,07015099999"
"Lille, Hauts-de-France, France",2025-03-12,46.7,32.2,39.6,43.2,27.6,35.7,34.7,83.3,0.008,100,8.33,rain,0,0,20.5,9.4,310.5,1002.1,82.7,11.1,66.9,5.8,3,,2025-03-12T07:07:48,2025-03-12T18:47:59,0.44,"Rain, Partially cloudy",Partly cloudy throughout the day with rain in the morning and afternoon.,rain,"06414099999,59580003,D8013,62516002,59606004,62298001,62873001,59343001,07015099999"
"Lille, Hauts-de-France, France",2025-03-13,46.2,30.6,38.1,42.2,25.5,33.6,33.6,84.9,0.016,100,12.5,rain,0,0,23.3,10.8,328.3,1001,82.8,10.3,96.3,8.2,8,,2025-03-13T07:05:37,2025-03-13T18:49:38,0.47,"Rain, Partially cloudy",Partly cloudy throughout the day with rain.,rain,"06414099999,59580003,D8013,F2929,62516002,59606004,59343001,07015099999"
"Lille, Hauts-de-France, France",2025-03-14,46.1,30.3,38.8,40.9,25.5,33.4,29.8,72.3,0.004,100,4.17,rain,0,0,23.2,12.6,18,1009.1,42.5,13.2,100.5,8.7,7,,2025-03-14T07:03:25,2025-03-14T18:51:18,0.5,"Rain, Partially cloudy",Becoming cloudy in the afternoon with morning rain.,rain,"06414099999,59580003,F2929,62516002,59606004,59343001,07015099999"
"Lille, Hauts-de-France, France",2025-03-15,45.9,31.9,38.8,39.2,22.9,30.8,29.6,70.4,0,0,0,,0,0,29.7,18.2,24.3,1018,57,11.4,134.3,11.7,6,,2025-03-15T07:01:12,2025-03-15T18:52:56,0.54,Partially cloudy,Partly cloudy throughout the day.,partly-cloudy-day,"06414099999,59580003,F2929,62516002,59606004,59343001,07015099999"
"Lille, Hauts-de-France, France",2025-03-16,50.1,33.4,40.8,50.1,24.3,33.5,31.5,70.9,0,0,0,,0,0,28.7,19.7,25.4,1021.6,22.4,8.5,158.9,13.8,6,,2025-03-16T06:59:00,2025-03-16T18:54:35,0.57,Partially cloudy,Partly cloudy throughout the day.,partly-cloudy-day,"06414099999,59580003,F2929,62516002,59606004,59343001,07015099999"
"Lille, Hauts-de-France, France",2025-03-17,48.1,35.4,41.4,42.8,28.6,35.9,33.6,75.5,0,0,0,,0,0,22.1,13.4,46.3,1026.5,69.3,8.3,59,5,2,,2025-03-17T06:56:47,2025-03-17T18:56:14,0.6,Partially cloudy,Partly cloudy throughout the day.,partly-cloudy-day,"06414099999,59580003,F2929,62516002,59606004,59343001,07015099999"
"Lille, Hauts-de-France, France",2025-03-18,55.4,32.2,42.6,55.4,24.5,37.9,22.8,47.3,0,0,0,,0,0,23.3,15,71,1024.5,0,13.9,183.5,15.7,6,,2025-03-18T06:54:34,2025-03-18T18:57:52,0.64,Clear,Clear conditions throughout the day.,clear-day,"06414099999,59580003,F2929,62516002,59606004,59343001,07015099999"
"Lille, Hauts-de-France, France",2025-03-19,62.8,35.7,48.9,62.8,29.4,46.5,31.6,52.2,0,0,0,,0,0,22.2,12.8,137,1022.3,3.3,13.3,179.7,15.5,6,,2025-03-19T06:52:21,2025-03-19T18:59:30,0.67,Clear,Clear conditions throughout the day.,clear-day,"06414099999,59580003,F2929,62516002,59606004,62873001,59343001,07015099999"
"Lille, Hauts-de-France, France",2025-03-20,66.4,39.1,53.2,66.4,37.1,52.9,40.1,62.9,0,0,0,,0,0,17.7,11.2,126.1,1020.6,38.7,11,178.4,15.5,6,,2025-03-20T06:50:08,2025-03-20T19:01:08,0.7,Partially cloudy,Clearing in the afternoon.,partly-cloudy-day,"06414099999,59580003,F2929,62516002,59606004,62873001,59343001,07015099999"
"Lille, Hauts-de-France, France",2025-03-21,64.8,44.6,55.8,64.8,41,54.9,43.7,64.9,0,0,0,,0,0,29.5,20.2,116.2,1010.3,98.5,13.4,117.7,10.1,5,,2025-03-21T06:47:55,2025-03-21T19:02:46,0.74,Overcast,Cloudy skies throughout the day.,cloudy,"06414099999,59580003,F2929,62516002,59606004,59343001,07015099999"
"Lille, Hauts-de-France, France",2025-03-22,65.7,53.2,58.2,65.7,53.2,58.2,47.3,67.4,0.201,100,8.33,rain,0,0,24,12.5,132.8,1001.6,84.7,17.6,89.5,7.7,3,,2025-03-22T06:45:41,2025-03-22T19:04:24,0.75,"Rain, Partially cloudy",Partly cloudy throughout the day with late afternoon rain.,rain,"06414099999,59580003,F2929,62516002,59606004,59343001,07015099999"
"Lille, Hauts-de-France, France",2025-03-23,58.6,47.9,52.9,58.6,46.5,52.6,47,81.5,0.003,100,8.33,rain,0,0,24.7,12.6,152.1,1003.1,89.8,12.4,113,9.7,7,,2025-03-23T06:43:28,2025-03-23T19:06:02,0.8,"Rain, Partially cloudy",Partly cloudy throughout the day with rain.,rain,"06414099999,59580003,F2929,62516002,59606004,59343001,07015099999"
"Lille, Hauts-de-France, France",2025-03-24,56.7,44.5,49.6,56.7,40.1,48.6,45.5,86.1,0,0,0,,0,0,19.8,11.7,336.2,1015.2,79.4,5.5,102,8.7,4,,2025-03-24T06:41:15,2025-03-24T19:07:39,0.84,Partially cloudy,Partly cloudy throughout the day.,partly-cloudy-day,"06414099999,59580003,F2929,62516002,59606004,59343001,07015099999"
"Lille, Hauts-de-France, France",2025-03-25,59.2,40.6,48.2,59.2,36.7,46.1,43.1,84,0,0,0,,0,0,21.9,15.8,267.3,1021.9,77.8,2.1,148.4,12.7,6,,2025-03-25T06:39:01,2025-03-25T19:09:17,0.87,Partially cloudy,Partly cloudy throughout the day.,partly-cloudy-day,"06414099999,59580003,F2929,62516002,59606004,59343001,07015099999"
"Lille, Hauts-de-France, France",2025-03-26,55.7,43,49.2,55.7,41.3,46.8,43.9,83,0.011,100,8.33,rain,0,0,18.7,11.6,16.7,1024.3,72.1,5.5,97.9,8.4,4,,2025-03-26T06:36:48,2025-03-26T19:10:54,0.9,"Rain, Partially cloudy",Partly cloudy throughout the day with early morning rain.,rain,"06414099999,59580003,F2929,62516002,59606004,62298001,62873001,59343001,07015099999"
"Lille, Hauts-de-France, France",2025-03-27,62.9,34.1,48.1,62.9,34.1,47.9,38.3,72.8,0.004,100,4.17,rain,0,0,10.4,6,212.4,1021.4,11.8,5.3,196.1,16.8,7,,2025-03-27T06:34:35,2025-03-27T19:12:31,0.93,Rain,Clear conditions throughout the day with morning rain.,rain,"06414099999,59580003,F2929,62516002,59606004,62873001,59343001,07015099999"
"Lille, Hauts-de-France, France",2025-03-28,55.4,40.2,47.9,55.4,33.2,45.7,44.1,87.4,0.004,100,4.17,rain,0,0,20.4,11.8,261.2,1013.7,82.1,6.7,59.9,5.2,2,,2025-03-28T06:32:22,2025-03-28T19:14:08,0.97,"Rain, Partially cloudy",Partly cloudy throughout the day with afternoon rain.,rain,"06414099999,59580003,F2929,62516002,59606004,62873001,59343001,07015099999"
"Lille, Hauts-de-France, France",2025-03-29,56.7,40.6,48.5,56.7,34.8,45.7,38.3,69.9,0.005,100,8.33,rain,0,0,21.8,12.4,306.7,1020.3,59.6,12.5,190.6,16.5,7,,2025-03-29T06:30:09,2025-03-29T19:15:45,0,"Rain, Partially cloudy",Partly cloudy throughout the day with rain in the morning and afternoon.,rain,"06414099999,59580003,F2929,62516002,59606004,59343001,07015099999"
"Lille, Hauts-de-France, France",2025-03-30,60.3,42.7,51.8,60.3,36.6,49.4,41.1,68.4,0,0,0,,0,0,27.5,17.3,280.1,1020.2,80.1,13.7,143.4,11.8,5,,2025-03-30T07:27:56,2025-03-30T20:17:22,0.03,Partially cloudy,Partly cloudy throughout the day.,partly-cloudy-day,"06414099999,59580003,F2929,62516002,59606004,59343001,07015099999"
"Lille, Hauts-de-France, France",2025-03-31,57.5,41.2,47.9,57.5,35.6,45.3,38.3,71.4,0,0,0,,0,0,23.9,12.6,359.9,1027.1,34.9,12.1,193.4,16.8,7,,2025-03-31T07:25:44,2025-03-31T20:18:59,0.07,Partially cloudy,Partly cloudy throughout the day.,partly-cloudy-day,"06414099999,59580003,F2929,62516002,59606004,62873001,59343001,07015099999"
"Lille, Hauts-de-France, France",2025-04-01,58.6,39.4,48.8,58.6,33.4,45.9,35.5,64.3,0,0,0,,0,0,35,22.4,57.4,1025.2,4.7,9.9,205.6,17.6,7,,2025-04-01T07:23:31,2025-04-01T20:20:36,0.1,Clear,Clear conditions throughout the day.,clear-day,"06414099999,59580003,F2929,62516002,59606004,59343001,07015099999"
"Lille, Hauts-de-France, France",2025-04-02,64.3,43.1,53.6,64.3,36.7,51.3,35.3,51.2,0,0,0,,0,0,38,25.8,58.6,1019.9,7.4,14.2,203,17.5,7,,2025-04-02T07:21:20,2025-04-02T20:22:13,0.14,Clear,Clear conditions throughout the day.,clear-day,"06414099999,59580003,F2929,62516002,59606004,62873001,59343001,07015099999"
"Lille, Hauts-de-France, France",2025-04-03,71.6,48.3,59.1,71.6,43.9,58.6,41.2,53,0,0,0,,0,0,23.8,13.7,83.8,1019.2,17.3,12.9,200.5,17.2,7,,2025-04-03T07:19:08,2025-04-03T20:23:50,0.17,Clear,Clear conditions throughout the day.,clear-day,"06414099999,59580003,F2929,62516002,59606004,59343001,07015099999"
"Lille, Hauts-de-France, France",2025-04-04,73.1,51.2,62.4,73.1,51.2,62.4,40.2,47,0,0,0,,0,0,23.6,14.5,57.9,1018,44.2,11.1,197.8,17,7,,2025-04-04T07:16:57,2025-04-04T20:25:27,0.2,Partially cloudy,Partly cloudy throughout the day.,partly-cloudy-day,"06414099999,59580003,F2929,62516002,59606004,59343001,07015099999"
"Lille, Hauts-de-France, France",2025-04-05,69.4,49.9,58.6,69.4,46.3,58.5,41.5,54.6,0,0,0,,0,0,30.2,17.1,30.2,1016.6,8.4,9.7,217.4,18.7,7,,2025-04-05T07:14:46,2025-04-05T20:27:03,0.25,Clear,Clear conditions throughout the day.,clear-day,"06414099999,59580003,F2929,62516002,59606004,59343001,07015099999"
"Lille, Hauts-de-France, France",2025-04-06,60.4,44.2,51.8,60.4,38.3,49.6,29.3,43.5,0,0,0,,0,0,26.6,16.1,53,1021,0.2,15.6,223.9,19.3,7,,2025-04-06T07:12:35,2025-04-06T20:28:40,0.27,Clear,Clear conditions throughout the day.,clear-day,"06414099999,59580003,F2929,62516002,59606004,59343001,07015099999"
"Lille, Hauts-de-France, France",2025-04-07,59.1,36.9,49,59.1,33.1,46.7,27.5,44.4,0,0,0,,0,0,21.3,10.2,38.4,1024.3,0.3,16.3,227,19.5,7,,2025-04-07T07:10:25,2025-04-07T20:30:17,0.31,Clear,Clear conditions throughout the day.,clear-day,"06414099999,59580003,F2929,62516002,59606004,59343001,07015099999"
"Lille, Hauts-de-France, France",2025-04-08,62.8,38.6,51.6,62.8,35.1,49.8,32.8,51.7,0,0,0,,0,0,20,13.5,41.9,1025.3,7.5,10.7,225.4,19.5,7,,2025-04-08T07:08:15,2025-04-08T20:31:54,0.34,Clear,Clear conditions throughout the day.,clear-day,"06414099999,59580003,F2929,62516002,59606004,59343001,07015099999"
"Lille, Hauts-de-France, France",2025-04-09,59,40.6,49.4,59,36.1,46.2,39.9,71.3,0,0,0,,0,0,27.3,15.2,10.9,1025.9,10.5,7.5,226,19.6,7,,2025-04-09T07:06:06,2025-04-09T20:33:30,0.38,Clear,Clear conditions throughout the day.,clear-day,"06414099999,59580003,F2929,62516002,59606004,62873001,59343001,07015099999"
"Lille, Hauts-de-France, France",2025-04-10,58.5,41.2,48.8,58.5,35.8,45.9,39.9,72.5,0,0,0,,0,0,24.2,14.2,10.8,1029.2,55.8,10,179.9,15.6,7,,2025-04-10T07:03:58,2025-04-10T20:35:07,0.41,Partially cloudy,Partly cloudy throughout the day.,partly-cloudy-day,"06414099999,59580003,F2929,62516002,59606004,59343001,07015099999"
"Lille, Hauts-de-France, France",2025-04-11,68.1,35.4,51.9,68.1,33.1,51.5,39.9,69,0,0,0,,0,0,15,9,57.8,1022.7,9.6,7,229.5,19.8,8,,2025-04-11T07:01:50,2025-04-11T20:36:44,0.45,Clear,Clear conditions throughout the day.,clear-day,"06414099999,59580003,F2929,62516002,59606004,59343001,07015099999"
"Lille, Hauts-de-France, France",2025-04-12,76.5,45.7,60.8,76.5,43.3,60.1,42.1,53.9,0,0,0,,0,0,34.8,19.5,135.9,1008.9,24,8.7,227.8,19.6,8,,2025-04-12T06:59:42,2025-04-12T20:38:20,0.48,Partially cloudy,Partly cloudy throughout the day.,partly-cloudy-day,"06414099999,59580003,F2929,62516002,59606004,59343001,07015099999"
"Lille, Hauts-de-France, France",2025-04-13,59.5,51.3,55.9,59.5,51.3,55.9,49.8,80.9,0.156,100,25,rain,0,0,29.1,18.4,223.8,1004.9,96.3,7.9,108,9.4,6,,2025-04-13T06:57:35,2025-04-13T20:39:57,0.5,"Rain, Overcast",Cloudy skies throughout the day with rain clearing later.,rain,"06414099999,59580003,F2929,62516002,59606004,59343001,07015099999"
"Lille, Hauts-de-France, France",2025-04-14,64.6,45,54.9,64.6,43.4,54.3,44.9,71.4,0.051,100,16.67,rain,0,0,21.5,12.5,157.1,1007.1,81.9,13,202.9,17.6,7,,2025-04-14T06:55:29,2025-04-14T20:41:34,0.55,"Rain, Partially cloudy",Partly cloudy throughout the day with rain clearing later.,rain,"06414099999,59580003,F2929,62516002,59606004,59343001,07015099999"
"Lille, Hauts-de-France, France",2025-04-15,66.6,51.6,57.6,66.6,51.6,57.6,48.5,72.3,0.073,100,16.67,rain,0,0,36.3,10.8,157.5,997.6,71.6,13.6,109.1,9.3,5,,2025-04-15T06:53:24,2025-04-15T20:43:10,0.58,"Rain, Partially cloudy",Partly cloudy throughout the day with rain.,rain,"06414099999,59580003,F2929,62516002,59606004,59343001,07015099999"
"Lille, Hauts-de-France, France",2025-04-16,55.6,47.9,51,55.6,45,50.1,40.4,67.5,0.001,100,4.17,rain,0,0,19.2,13.5,198.4,1007.6,77.6,19.9,103.2,9,3,,2025-04-16T06:51:19,2025-04-16T20:44:47,0.61,"Rain, Partially cloudy",Partly cloudy throughout the day with early morning rain.,rain,"06414099999,59580003,F2929,62516002,59606004,62873001,59343001,07015099999"
"Lille, Hauts-de-France, France",2025-04-17,60.4,42.5,52,60.4,42.5,51.9,39.9,65.7,0,0,0,,0,0,16.1,9.1,54.7,1012.7,93.4,13.8,117.3,10.1,7,,2025-04-17T06:49:15,2025-04-17T20:46:23,0.65,Overcast,Cloudy skies throughout the day.,cloudy,"06414099999,59580003,F2929,62516002,59606004,59343001,07015099999"
"Lille, Hauts-de-France, France",2025-04-18,64.1,40.7,52.1,64.1,37.9,51.3,40.3,68.2,0,0,0,,0,0,21.2,10.3,141.3,1013.6,51.8,8.3,247.1,21.2,9,,2025-04-18T06:47:12,2025-04-18T20:48:00,0.68,Partially cloudy,Becoming cloudy in the afternoon.,partly-cloudy-day,"06414099999,59580003,F2929,62516002,59606004,59343001,07015099999"
"Lille, Hauts-de-France, France",2025-04-19,63,44.7,54.9,63,40.8,53.8,41.3,61.7,0,0,0,,0,0,30.1,18.1,72.8,1007.6,83.3,12.4,198.5,17.1,8,,2025-04-19T06:45:10,2025-04-19T20:49:36,0.72,Partially cloudy,Partly cloudy throughout the day.,partly-cloudy-day,"06414099999,59580003,F2929,62516002,59606004,59343001,07015099999"
"Lille, Hauts-de-France, France",2025-04-20,55.6,46.1,51,55.6,41.6,49.5,46.9,86.5,0.174,100,45.83,rain,0,0,19.4,11.6,50.2,1006.1,86.5,6,48.3,4.2,2,,2025-04-20T06:43:08,2025-04-20T20:51:13,0.75,"Rain, Partially cloudy",Partly cloudy throughout the day with rain.,rain,"06414099999,59580003,F2929,62516002,59606004,62873001,59343001,07015099999"
"Lille, Hauts-de-France, France",2025-04-21,62.3,43.4,52.7,62.3,43,52.5,47.3,83.1,0.019,100,25,rain,0,0,21.1,14.5,216.9,1009.6,77.9,9,118.7,10.3,8,,2025-04-21T06:41:08,2025-04-21T20:52:49,0.75,"Rain, Partially cloudy",Partly cloudy throughout the day with rain.,rain,"06414099999,59580003,F2929,62516002,59606004,59343001,07015099999"
"Lille, Hauts-de-France, France",2025-04-22,64.2,46,54.7,64.2,43.6,54,44.1,70.8,0,0,0,,0,0,20.6,11.4,236.4,1017.1,75.9,9.3,190.8,16.5,7,,2025-04-22T06:39:08,2025-04-22T20:54:25,0.82,Partially cloudy,Partly cloudy throughout the day.,partly-cloudy-day,"06414099999,59580003,F2929,62516002,59606004,59343001,07015099999"
"Lille, Hauts-de-France, France",2025-04-23,53.3,44.3,48.6,53.3,41.6,47,43.9,83.7,0.104,100,20.83,rain,0,0,27.2,16.7,141.3,1014.4,85.6,11.5,77.5,6.7,3,,2025-04-23T06:37:10,2025-04-23T20:56:01,0.85,"Rain, Partially cloudy",Partly cloudy throughout the day with rain in the morning and afternoon.,rain,"06414099999,59580003,F2929,D8013,62516002,59606004,62873001,59343001,07015099999"
"Lille, Hauts-de-France, France",2025-04-24,54.8,46.9,50.9,54.8,43.1,50.2,47.8,89.5,0.007,100,8.33,rain,0,0,26.6,15.2,320.7,1018.6,94.7,4.7,51.5,4.3,3,,2025-04-24T06:35:12,2025-04-24T20:57:37,0.89,"Rain, Overcast",Cloudy skies throughout the day with rain clearing later.,rain,"06414099999,59580003,F2929,62516002,59606004,59343001,07015099999"
"Lille, Hauts-de-France, France",2025-04-25,64,49.9,55,64,46.1,54.7,47,76.4,0,0,0,,0,0,17.7,10.5,38.5,1021.3,86.2,5.1,189.3,16.4,8,,2025-04-25T06:33:16,2025-04-25T20:59:13,0.92,Partially cloudy,Partly cloudy throughout the day.,partly-cloudy-day,"06414099999,59580003,F2929,62516002,59606004,59343001,07015099999"
"Lille, Hauts-de-France, France",2025-04-26,66,44,55,66,41.7,53.8,44.8,71,0,0,0,,0,0,21.6,11.4,46.1,1021,32.7,5.9,252.3,21.8,8,,2025-04-26T06:31:20,2025-04-26T21:00:49,0.95,Partially cloudy,Becoming cloudy in the afternoon.,partly-cloudy-day,"06414099999,59580003,F2929,62516002,59606004,59343001,07015099999"
"Lille, Hauts-de-France, France",2025-04-27,70.1,44.7,58.4,70.1,41.7,58,46.4,67.4,0,0,0,,0,0,20.4,10.4,331.1,1024,15.5,6.6,264,22.8,8,,2025-04-27T06:29:26,2025-04-27T21:02:24,0,Clear,Clear conditions throughout the day.,clear-day,"06414099999,59580003,F2929,62516002,59606004,59343001,07015099999"
"Lille, Hauts-de-France, France",2025-04-28,72,45.9,60.3,72,45.9,60.3,43.8,58.1,0,0,0,,0,0,26.9,11,43.2,1026.2,0,7,262.6,22.9,8,,2025-04-28T06:27:33,2025-04-28T21:04:00,0.02,Clear,Clear conditions throughout the day.,clear-day,"06414099999,59580003,F2929,62516002,59606004,59343001,07015099999"
"Lille, Hauts-de-France, France",2025-04-29,75.1,51.3,63.2,75.1,51.3,63.2,42.7,51.3,0,0,0,,0,0,22.1,13.8,47.6,1025,12.2,7,269.6,23.4,8,,2025-04-29T06:25:41,2025-04-29T21:05:35,0.05,Clear,Clear conditions throughout the day.,clear-day,"06414099999,59580003,F2929,62516002,59606004,62298001,62873001,59343001,07015099999"
"Lille, Hauts-de-France, France",2025-04-30,79.2,50.2,66.6,79.2,50.2,66.6,46.3,53.1,0,0,0,,0,0,15.1,9,48.7,1021.8,13.6,7.4,268.9,23.2,8,,2025-04-30T06:23:51,2025-04-30T21:07:10,0.09,Clear,Clear conditions throughout the day.,clear-day,"06414099999,59580003,F2929,62516002,59606004,62873001,59343001,07015099999"
"Lille, Hauts-de-France, France",2025-05-01,82.7,51.9,69.1,81,51.9,68.7,50.7,56.8,0,0,0,,0,0,19.6,10.2,155.8,1017.7,35.4,7.5,249.1,21.5,9,,2025-05-01T06:22:01,2025-05-01T21:08:44,0.12,Partially cloudy,Becoming cloudy in the afternoon.,partly-cloudy-day,"06414099999,59580003,F2929,62516002,59606004,59343001,07015099999"
"Lille, Hauts-de-France, France",2025-05-02,80.4,58.5,68.6,80.2,58.5,68.6,53.2,59.8,0,0,0,,0,0,20.7,13.4,297.2,1014.5,40.5,8.3,251.9,21.6,8,,2025-05-02T06:20:14,2025-05-02T21:10:18,0.15,Partially cloudy,Partly cloudy throughout the day.,partly-cloudy-day,"06414099999,59580003,F2929,62516002,59606004,62873001,59343001,07015099999"
"Lille, Hauts-de-France, France",2025-05-03,64.6,51.8,58.3,64.6,51.8,58.3,50.4,76.1,0.015,100,16.67,rain,0,0,28.6,15.9,345.3,1012.1,72.3,5.3,86.8,7.4,4,,2025-05-03T06:18:27,2025-05-03T21:11:52,0.19,"Rain, Partially cloudy",Partly cloudy throughout the day with afternoon rain.,rain,"06414099999,59580003,F2929,62516002,59606004,62873001,59343001,07015099999"
"Lille, Hauts-de-France, France",2025-05-04,57.2,46.1,51.4,57.2,41.8,50,40,65.7,0,0,0,,0,0,28.9,17.1,356.9,1015.3,83.7,10.9,129.3,11.2,5,,2025-05-04T06:16:42,2025-05-04T21:13:26,0.25,Partially cloudy,Partly cloudy throughout the day.,partly-cloudy-day,"06414099999,59580003,F2929,62516002,59606004,59343001,07015099999"
"Lille, Hauts-de-France, France",2025-05-05,57.2,40.9,49.6,57.2,36.3,47.6,37.1,64,0,0,0,,0,0,30.7,16.1,14.9,1017.5,63.9,13.4,181,15.6,8,,2025-05-05T06:14:59,2025-05-05T21:14:59,0.26,Partially cloudy,Partly cloudy throughout the day.,partly-cloudy-day,"06414099999,59580003,F2929,62516002,59606004,59343001,07015099999"
"Lille, Hauts-de-France, France",2025-05-06,60.5,44.1,51.6,60.5,38.2,49.1,38.4,61.9,0,0,0,,0,0,31.8,18.3,14,1021.1,50.1,13.5,245.3,21.2,10,,2025-05-06T06:13:17,2025-05-06T21:16:32,0.29,Partially cloudy,Partly cloudy throughout the day.,partly-cloudy-day,"06414099999,59580003,F2929,62516002,59606004,62873001,59343001,07015099999"
"Lille, Hauts-de-France, France",2025-05-07,55.6,49.6,52.1,55.6,44.4,51,41.5,67.8,0,0,0,,0,0,26.2,16,20,1020.8,93.1,11.1,126.2,10.9,8,,2025-05-07T06:11:36,2025-05-07T21:18:04,0.32,Overcast,Cloudy skies throughout the day.,cloudy,"06414099999,59580003,F2929,06432099999,62516002,06400099999,59606004,06428099999,LFQQ,62873001,59343001,07015099999"
"Lille, Hauts-de-France, France",2025-05-08,65.9,44.7,55.2,65.9,42.1,53.7,43.6,68.6,0,0,0,,0,0,23.9,15.9,16.9,1017.4,53,6.6,180.8,15.5,8,,2025-05-08T06:09:58,2025-05-08T21:19:35,0.36,Partially cloudy,Partly cloudy throughout the day.,partly-cloudy-day,"06414099999,59580003,F2929,06432099999,62516002,06400099999,59606004,06428099999,LFQQ,59343001,07015099999"
"Lille, Hauts-de-France, France",2025-05-09,68.1,47.6,58,68.1,44,57.4,37.8,50.7,0,0,0,,0,0,33.7,15.6,59.3,1018.4,39.5,10.8,286.6,24.8,9,,2025-05-09T06:08:20,2025-05-09T21:21:06,0.39,Partially cloudy,Becoming cloudy in the afternoon.,partly-cloudy-day,"06414099999,59580003,F2929,06432099999,06400099999,62516002,59606004,06428099999,LFQQ,07015099999,59343001"
"Lille, Hauts-de-France, France",2025-05-10,73.3,46,61.9,73.3,44.7,61.7,36.1,41,0,0,0,,0,0,26.7,14.7,87,1017.6,0.3,13.1,289.9,25,9,,2025-05-10T06:06:45,2025-05-10T21:22:37,0.42,Clear,Clear conditions throughout the day.,clear-day,"06414099999,59580003,F2929,62516002,59606004,59343001,07015099999"
"Lille, Hauts-de-France, France",2025-05-11,77.4,52.9,65.7,77.4,52.9,65.7,43.6,45.6,0,0,0,,0,0,24.2,14.8,103.2,1011.5,26.6,14.3,278.9,24.3,9,,2025-05-11T06:05:12,2025-05-11T21:24:07,0.46,Partially cloudy,Partly cloudy throughout the day.,partly-cloudy-day,"06414099999,59580003,F2929,62516002,59606004,59343001,07015099999"
"Lille, Hauts-de-France, France",2025-05-12,71.7,51.7,63.9,71.7,51.7,63.9,51.7,65.6,0,0,0,,0,0,18.9,9.4,189,1011.3,37.3,10.4,261.6,22.7,8,,2025-05-12T06:03:40,2025-05-12T21:25:36,0.5,Partially cloudy,Becoming cloudy in the afternoon.,partly-cloudy-day,"06414099999,59580003,F2929,62516002,59606004,62298001,62873001,59343001,07015099999"
"Lille, Hauts-de-France, France",2025-05-13,75.4,54.8,65.5,75.4,54.8,65.5,52.1,64.6,0.006,100,4.17,rain,0,0,21.3,9.4,3.7,1015.7,41.8,7.9,222.5,19.3,9,,2025-05-13T06:02:10,2025-05-13T21:27:04,0.52,"Rain, Partially cloudy",Becoming cloudy in the afternoon with early morning rain.,rain,"06414099999,59580003,F2929,62516002,59606004,62873001,59343001,07015099999"
"Lille, Hauts-de-France, France",2025-05-14,75.4,48.2,62.6,75.4,48.1,62.5,43.4,53,0,0,0,,0,0,30,19,7.2,1018.1,27.6,7.9,306.6,26.5,9,,2025-05-14T06:00:42,2025-05-14T21:28:32,0.56,Partially cloudy,Becoming cloudy in the afternoon.,partly-cloudy-day,"06414099999,59580003,F2929,D8013,62516002,59606004,62873001,59343001,07015099999"
"Lille, Hauts-de-France, France",2025-05-15,60.3,48.1,54.2,60.3,44.2,53.4,44.7,71.1,0.008,100,8.33,rain,0,0,23.2,14.8,346.9,1021,74.7,9.7,96.2,8.4,3,,2025-05-15T05:59:16,2025-05-15T21:29:58,0.59,"Rain, Partially cloudy",Partly cloudy throughout the day with late afternoon rain.,rain,"06414099999,59580003,D8013,F2929,62516002,59606004,59343001,07015099999"
"Lille, Hauts-de-France, France",2025-05-16,64.1,46,54.7,64.1,42.4,53.8,43.1,66.4,0,0,0,,0,0,25.9,16.3,352.5,1022.7,38.3,10,301.5,25.9,9,,2025-05-16T05:57:52,2025-05-16T21:31:24,0.63,Partially cloudy,Partly cloudy throughout the day.,partly-cloudy-day,"06414099999,59580003,F2929,62516002,59606004,59343001,07015099999"
"Lille, Hauts-de-France, France",2025-05-17,64.4,51.6,57.2,64.4,51.6,57.2,45,64.5,0,0,0,,0,0,27.5,14.7,349,1020.2,72.1,8,212.6,18.4,8,,2025-05-17T05:56:30,2025-05-17T21:32:49,0.66,Partially cloudy,Partly cloudy throughout the day.,partly-cloudy-day,"06414099999,59580003,F2929,62516002,59606004,59343001,07015099999"
"Lille, Hauts-de-France, France",2025-05-18,57.5,50.2,53.8,57.5,50.2,53.8,45.1,72.8,0,0,0,,0,0,19.4,10.3,334.5,1019.1,94,10.7,70.5,6.1,2,,2025-05-18T05:55:10,2025-05-18T21:34:13,0.7,Overcast,Cloudy skies throughout the day.,cloudy,"06414099999,59580003,F2929,62516002,59606004,59343001,07015099999"
"Lille, Hauts-de-France, France",2025-05-19,71.9,47.7,59.1,71.9,44.7,58.1,46.2,68.4,0,0,0,,0,0,27,15.5,40.2,1018.5,63.1,7.2,239.7,20.7,8,,2025-05-19T05:53:52,2025-05-19T21:35:35,0.73,Partially cloudy,Partly cloudy throughout the day.,partly-cloudy-day,"06414099999,59580003,F2929,62516002,59606004,59343001,07015099999"
"Lille, Hauts-de-France, France",2025-05-20,73.4,54.9,62.7,73.4,54.9,62.7,44.9,54.9,0,0,0,,0,0,25.6,15.1,7.4,1018.1,62.5,13.6,224.5,19.4,8,,2025-05-20T05:52:36,2025-05-20T21:36:57,0.75,Partially cloudy,Partly cloudy throughout the day.,partly-cloudy-day,"06414099999,59580003,F2929,62516002,59606004,59343001,07015099999"
"Lille, Hauts-de-France, France",2025-05-21,68.2,45,56.3,68.2,43.5,56,46,71.2,0.002,100,8.33,rain,0,0,22.5,14,324.5,1016.1,69.1,7.3,197,16.9,8,,2025-05-21T05:51:23,2025-05-21T21:38:17,0.8,"Rain, Partially cloudy",Partly cloudy throughout the day with late afternoon rain.,rain,"06414099999,59580003,F2929,62516002,59606004,62873001,59343001,07015099999"
"Lille, Hauts-de-France, France",2025-05-22,60.3,49.4,53.7,60.3,46.2,53.3,40.9,62.1,0,0,0,,0,0,24.3,14.7,336.8,1017.4,93.6,8.6,147.6,12.9,6,,2025-05-22T05:50:12,2025-05-22T21:39:36,0.84,Overcast,Cloudy skies throughout the day.,cloudy,"06414099999,59580003,F2929,62516002,59606004,59343001,07015099999"
"Lille, Hauts-de-France, France",2025-05-23,62.2,38.8,52.2,62.2,34.1,50.8,37.1,59.9,0,0,0,,0,0,27.9,11.7,305.6,1019.6,67.6,7,236.8,20.4,8,,2025-05-23T05:49:03,2025-05-23T21:40:54,0.87,Partially cloudy,Partly cloudy throughout the day.,partly-cloudy-day,"06414099999,59580003,F2929,62516002,59606004,59343001,07015099999"
"Lille, Hauts-de-France, France",2025-05-24,60.9,48.4,55.7,60.9,47.2,55.5,47.8,76.3,0.103,100,25,rain,0,0,33,19.3,221,1015.3,95.2,7.4,51.1,4.3,2,,2025-05-24T05:47:57,2025-05-24T21:42:10,0.91,"Rain, Overcast",Cloudy skies throughout the day with rain in the morning and afternoon.,rain,"06414099999,59580003,F2929,62516002,59606004,62873001,59343001,07015099999"
"Lille, Hauts-de-France, France",2025-05-25,67.5,55.6,61.2,67.5,55.6,61.2,52.8,75.9,0.053,100,37.5,rain,0,0,38.5,22.8,238.7,1011.9,79.2,8.7,102.8,8.9,4,,2025-05-25T05:46:53,2025-05-25T21:43:25,0.94,"Rain, Partially cloudy",Partly cloudy throughout the day with rain clearing later.,rain,"06414099999,59580003,F2929,62516002,59606004,59343001,07015099999"
"Lille, Hauts-de-France, France",2025-05-26,66.5,49.7,58.3,66.5,46.4,58.2,47.1,68.4,0.004,100,4.17,rain,0,0,29.9,19.2,235.1,1017.6,71.1,8.2,180.8,15.5,7,,2025-05-26T05:45:51,2025-05-26T21:44:38,0.98,"Rain, Partially cloudy",Partly cloudy throughout the day with afternoon rain.,rain,"06414099999,59580003,F2929,62516002,59606004,62873001,59343001,07015099999"
"Lille, Hauts-de-France, France",2025-05-27,62.4,55.3,58.8,62.4,55.3,58.8,53.9,83.8,0.183,100,45.83,rain,0,0,39.4,23.7,215.4,1016.1,97,11.9,71.5,6,5,,2025-05-27T05:44:52,2025-05-27T21:45:50,0,"Rain, Overcast",Cloudy skies throughout the day with a chance of rain throughout the day.,rain,"06414099999,59580003,F2929,D8013,62516002,59606004,06428099999,62298001,62873001,59343001,07015099999"
"Lille, Hauts-de-France, France",2025-05-28,68,57.4,62,68,57.4,62,53.8,76.2,0.124,100,25,rain,0,0,36.7,21.7,246.1,1016.6,93,12.3,221.2,19.1,10,,2025-05-28T05:43:56,2025-05-28T21:47:00,0.04,"Rain, Overcast",Cloudy skies throughout the day with rain clearing later.,rain,"06414099999,59580003,F2929,62516002,62298001,62873001,59343001,07015099999"
"Lille, Hauts-de-France, France",2025-05-29,66.5,53.8,60.1,66.5,53.8,60.1,54.9,83.3,0.005,100,8.33,rain,0,0,29.2,17.1,224.6,1022,92.4,11.8,82.8,7.3,3,,2025-05-29T05:43:02,2025-05-29T21:48:09,0.08,"Rain, Overcast",Cloudy skies throughout the day with rain.,rain,"06414099999,59580003,F2929,06432099999,62516002,06400099999,59606004,06428099999,LFQQ,62873001,59343001,07015099999"
"Lille, Hauts-de-France, France",2025-05-30,80,53.9,66.6,80.5,53.9,66.6,57.9,75.8,0,0,0,,0,0,24.2,12.5,238.3,1020.5,47.9,8.8,263.6,22.6,10,,2025-05-30T05:42:10,2025-05-30T21:49:15,0.11,Partially cloudy,Partly cloudy throughout the day.,partly-cloudy-day,"06414099999,59580003,F2929,62516002,59606004,59343001,07015099999"
"Lille, Hauts-de-France, France",2025-05-31,81.7,55.5,68.7,82.7,55.5,68.9,56.9,68.2,0,0,0,,0,0,20.7,13.2,260.1,1017.2,79.3,10.9,226.9,19.6,8,,2025-05-31T05:41:22,2025-05-31T21:50:20,0.14,Partially cloudy,Partly cloudy throughout the day.,partly-cloudy-day,"06414099999,59580003,F2929,62516002,59606004,59343001,07015099999"
"Lille, Hauts-de-France, France",2025-06-01,68.1,55.9,62.2,68.1,55.9,62.2,51.7,69.8,0,0,0,,0,0,27.1,15.7,240.4,1015.7,82.3,11.6,162.9,14.1,6,,2025-06-01T05:40:36,2025-06-01T21:51:23,0.17,Partially cloudy,Partly cloudy throughout the day.,partly-cloudy-day,"06414099999,59580003,F2929,62516002,59606004,59343001,07015099999"
"Lille, Hauts-de-France, France",2025-06-02,69.9,49.7,60.1,69.9,46.9,59.9,47.2,65.5,0.001,100,4.17,rain,0,0,29.9,11.4,254.3,1016.7,44.1,12.8,181.3,15.7,9,,2025-06-02T05:39:53,2025-06-02T21:52:23,0.21,"Rain, Partially cloudy",Partly cloudy throughout the day with afternoon rain.,rain,"06414099999,59580003,F2929,62516002,59606004,LFQQ,62873001,59343001,07015099999"
"Lille, Hauts-de-France, France",2025-06-03,73.3,48.4,61.9,73.3,47.4,61.9,45.7,57.9,0,0,0,,0,0,33.9,22.5,217.5,1011.3,69.8,11.5,243.3,21.2,8,,2025-06-03T05:39:12,2025-06-03T21:53:22,0.25,Partially cloudy,Partly cloudy throughout the day.,partly-cloudy-day,"06414099999,59580003,F2929,62516002,59606004,59343001,07015099999"
"Lille, Hauts-de-France, France",2025-06-04,68.2,54.1,61.5,68.2,54.1,61.5,49.2,66,0.024,100,12.5,rain,0,0,25.9,14.8,234.3,1008.1,81.8,13.2,195.8,16.9,9,,2025-06-04T05:38:34,2025-06-04T21:54:19,0.27,"Rain, Partially cloudy",Partly cloudy throughout the day with morning rain.,rain,"06414099999,59580003,F2929,62516002,59606004,62873001,59343001,07015099999"
"Lille, Hauts-de-France, France",2025-06-05,66.3,55.7,59.6,66.3,55.7,59.6,53,79.6,0.143,100,25,rain,0,0,34.6,18.4,188.9,1007.4,93.9,12.1,97.3,8.2,4,,2025-06-05T05:38:00,2025-06-05T21:55:13,0.31,"Rain, Overcast",Cloudy skies throughout the day with rain.,rain,"06414099999,59580003,F2929,62516002,59606004,59343001,07015099999"
"Lille, Hauts-de-France, France",2025-06-06,66.4,54.9,60.2,66.4,54.9,60.2,51.9,75.2,0.034,100,16.67,rain,0,0,28.6,16.1,230.4,1008.8,83.7,13.9,183,15.9,9,,2025-06-06T05:37:28,2025-06-06T21:56:05,0.34,"Rain, Partially cloudy",Partly cloudy throughout the day with rain clearing later.,rain,"06414099999,59580003,F2929,62516002,59606004,62873001,59343001,07015099999"
"Lille, Hauts-de-France, France",2025-06-07,64.4,53.8,58.1,64.4,53.8,58.1,53.1,84.3,0.391,100,75,rain,0,0,33.5,19,216.7,1008.8,95.1,12.9,123,10.7,6,,2025-06-07T05:36:58,2025-06-07T21:56:55,0.37,"Rain, Overcast",Cloudy skies throughout the day with a chance of rain throughout the day.,rain,"06414099999,59580003,F2929,62516002,59606004,59343001,07015099999"
"Lille, Hauts-de-France, France",2025-06-08,63.9,53.2,58,63.9,53.2,58,46.7,68.8,0.019,100,12.5,rain,0,0,34.1,20.7,262.4,1015.6,73.6,14,216.6,18.7,8,,2025-06-08T05:36:32,2025-06-08T21:57:42,0.4,"Rain, Partially cloudy",Partly cloudy throughout the day with rain.,rain,"06414099999,59580003,F2929,62516002,59606004,62298001,62873001,59343001,07015099999"
"Lille, Hauts-de-France, France",2025-06-09,67.7,46.9,57.8,67.7,46.9,57.6,48.5,73.4,0,0,0,,0,0,19.8,11.4,221.2,1022.6,67.7,9.3,193.3,16.8,9,,2025-06-09T05:36:09,2025-06-09T21:58:27,0.44,Partially cloudy,Partly cloudy throughout the day.,partly-cloudy-day,"06414099999,59580003,F2929,62516002,59606004,59343001,07015099999"
"Lille, Hauts-de-France, France",2025-06-10,67.8,52.2,59.9,67.8,52.2,59.9,52.3,76.3,0,0,0,,0,0,26.5,17.9,236.9,1018.6,89.4,10,145.1,12.6,6,,2025-06-10T05:35:48,2025-06-10T21:59:10,0.47,Partially cloudy,Partly cloudy throughout the day.,partly-cloudy-day,"06414099999,59580003,F2929,62516002,59606004,62873001,59343001,07015099999"
"Lille, Hauts-de-France, France",2025-06-11,73.8,52.2,65.1,73.8,52.2,65.1,50.6,63.1,0,0,0,,0,0,20.2,10.4,71,1020.3,30.2,10.2,327.4,28.2,9,,2025-06-11T05:35:31,2025-06-11T21:59:50,0.5,Partially cloudy,Partly cloudy throughout the day.,partly-cloudy-day,"06414099999,59580003,F2929,D8013,62516002,59606004,62298001,62873001,59343001,07015099999"
"Lille, Hauts-de-France, France",2025-06-12,87.2,56.7,72,87.3,56.7,72,55,56.4,0,0,0,,0,0,23.9,12.8,111.6,1014.4,40.7,8.1,320.8,27.7,9,,2025-06-12T05:35:16,2025-06-12T22:00:28,0.54,Partially cloudy,Partly cloudy throughout the day.,partly-cloudy-day,"06414099999,59580003,D8013,F2929,62516002,59606004,62298001,62873001,59343001,07015099999"
"Lille, Hauts-de-France, France",2025-06-13,87.9,65.7,77.3,91.2,65.7,78.2,63.7,64.3,0,0,0,,0,0,18.7,10.3,22.8,1017.2,54.7,8.4,298.8,25.8,9,,2025-06-13T05:35:04,2025-06-13T22:01:02,0.57,Partially cloudy,Partly cloudy throughout the day.,partly-cloudy-day,"06414099999,59580003,D8013,F2929,62516002,59606004,59343001,07015099999"
"Lille, Hauts-de-France, France",2025-06-14,76.5,62.4,70.1,76.5,62.4,70.1,61.5,75.3,0.29,100,20.83,rain,0,0,44.7,25.2,238.6,1017.1,85.1,9.7,178.2,15.4,5,,2025-06-14T05:34:56,2025-06-14T22:01:35,0.61,"Rain, Partially cloudy",Partly cloudy throughout the day with rain.,rain,"06414099999,59580003,D8013,62516002,59606004,AT575,59343001,07015099999"
"Lille, Hauts-de-France, France",2025-06-15,72.9,59.2,65.1,72.9,59.2,65.1,52.1,63.9,0.001,100,4.17,rain,0,0,24.6,14.6,260.1,1022.5,73.2,12.7,249.4,21.4,9,,2025-06-15T05:34:50,2025-06-15T22:02:04,0.65,"Rain, Partially cloudy",Partly cloudy throughout the day with early morning rain.,rain,"06414099999,59580003,D8013,62516002,59606004,AT575,59343001,07015099999"
"Lille, Hauts-de-France, France",2025-06-16,78.4,53.7,66.6,78.4,53.7,66.6,54.1,67.4,0,0,0,,0,0,17.8,8.1,285.2,1027.1,21.9,11.1,254.8,22.2,9,,2025-06-16T05:34:47,2025-06-16T22:02:31,0.68,Partially cloudy,Becoming cloudy in the afternoon.,partly-cloudy-day,"06414099999,59580003,D8013,F2929,62516002,59606004,62298001,62873001,59343001,07015099999"
"Lille, Hauts-de-France, France",2025-06-17,80.9,55.4,69.3,80.5,55.4,69.3,54.3,61.6,0,0,0,,0,0,18.9,10.2,259,1025.8,39.8,11.9,237.1,20.2,9,,2025-06-17T05:34:47,2025-06-17T22:02:55,0.72,Partially cloudy,Becoming cloudy in the afternoon.,partly-cloudy-day,"06414099999,59580003,D8013,F2929,62516002,59606004,59343001,07015099999"
"Lille, Hauts-de-France, France",2025-06-18,82,55.1,68.6,81.8,55.1,68.6,55.2,64.7,0,0,0,,0,0,21.9,11.1,304.4,1024.2,33.1,10.9,296.2,25.5,8,,2025-06-18T05:34:50,2025-06-18T22:03:16,0.75,Partially cloudy,Partly cloudy throughout the day.,partly-cloudy-day,"06414099999,59580003,D8013,F2929,62516002,59606004,62873001,59343001,07015099999"
"Lille, Hauts-de-France, France",2025-06-19,82.3,58.4,71.4,81.7,58.4,71.3,55.2,59.4,0,0,0,,0,0,23.1,11.1,56.8,1025,4.3,9.4,292.9,25.3,8,,2025-06-19T05:34:56,2025-06-19T22:03:34,0.79,Clear,Clear conditions throughout the day.,clear-day,"06414099999,59580003,D8013,F2929,62516002,59606004,59343001,07015099999"
"Lille, Hauts-de-France, France",2025-06-20,82.6,62,73.1,81.5,62,72.8,53.4,52.5,0,0,0,,0,0,20.5,12.6,68.6,1023.7,54.6,10.1,266.8,22.9,8,,2025-06-20T05:35:05,2025-06-20T22:03:49,0.82,Partially cloudy,Partly cloudy throughout the day.,partly-cloudy-day,"06414099999,59580003,D8013,62516002,59606004,59343001,07015099999"
"Lille, Hauts-de-France, France",2025-06-21,90,60.8,76.7,87.1,60.8,75.7,50.6,42.6,0,0,0,,0,0,17.2,9.1,107.3,1019.2,29.6,13.2,297.3,25.4,8,,2025-06-21T05:35:17,2025-06-21T22:04:02,0.86,Partially cloudy,Partly cloudy throughout the day.,partly-cloudy-day,"06414099999,59580003,D8013,62516002,59606004,62298001,62873001,59343001,07015099999"
"Lille, Hauts-de-France, France",2025-06-22,78.3,66.5,71.6,78.3,66.5,71.6,57.5,61.7,0,0,0,,0,0,30.6,18.3,236.6,1015.1,52.8,10.3,221.3,19.3,8,,2025-06-22T05:35:31,2025-06-22T22:04:11,0.89,Partially cloudy,Partly cloudy throughout the day.,partly-cloudy-day,"06414099999,59580003,D8013,62516002,59606004,59343001,07015099999"
"Lille, Hauts-de-France, France",2025-06-23,71.8,58.1,66.2,71.8,58.1,66.2,52,62.6,0.008,100,4.17,rain,0,0,37.3,22.6,244.1,1014.4,78,12.1,259.7,22.7,9,,2025-06-23T05:35:49,2025-06-23T22:04:18,0.93,"Rain, Partially cloudy",Partly cloudy throughout the day with morning rain.,rain,"06414099999,59580003,D8013,62516002,59606004,62298001,62873001,59343001,07015099999"
"Lille, Hauts-de-France, France",2025-06-24,74.9,53.5,64.2,74.9,53.5,64.2,54.9,72.9,0,0,0,,0,0,28.7,16.1,229.4,1015.1,62,11.1,164.2,14.2,7,,2025-06-24T05:36:09,2025-06-24T22:04:21,0.96,Partially cloudy,Partly cloudy throughout the day.,partly-cloudy-day,"06414099999,59580003,D8013,62516002,59606004,62298001,62873001,59343001,07015099999"
"Lille, Hauts-de-France, France",2025-06-25,86.2,57.3,72.5,85.7,57.3,72.6,59.7,67.2,0,0,0,,0,0,19,12.2,196.9,1012.4,66.8,12.2,232.8,20.2,9,,2025-06-25T05:36:32,2025-06-25T22:04:22,0,Partially cloudy,Partly cloudy throughout the day.,partly-cloudy-day,"06414099999,59580003,D8013,62516002,59606004,62873001,59343001,07015099999"
"Lille, Hauts-de-France, France",2025-06-26,73,64.5,67.8,73,64.5,67.8,61.2,80.6,0.702,100,50,rain,0,0,37.1,19.6,237,1013.6,96.3,9.7,129.5,11,3,,2025-06-26T05:36:58,2025-06-26T22:04:19,0.03,"Rain, Overcast",Cloudy skies throughout the day with a chance of rain throughout the day.,rain,"06414099999,59580003,D8013,62516002,59606004,62873001,59343001,07015099999"
"Lille, Hauts-de-France, France",2025-06-27,76.8,59.1,67,76.8,59.1,67,58.3,74.6,0.053,100,16.67,rain,0,0,30.8,17.9,234.1,1022.1,83.5,12,191.8,16.4,8,,2025-06-27T05:37:26,2025-06-27T22:04:14,0.06,"Rain, Partially cloudy",Partly cloudy throughout the day with rain in the morning and afternoon.,rain,"06414099999,59580003,D8013,62516002,59606004,59343001,07015099999"
"Lille, Hauts-de-France, France",2025-06-28,75.6,64.2,70.1,75.6,64.2,70.1,62.5,77.8,0,0,0,,0,0,22.9,13.9,235.7,1025.2,76.8,15.3,253.9,21.9,9,,2025-06-28T05:37:57,2025-06-28T22:04:05,0.1,Partially cloudy,Partly cloudy throughout the day.,partly-cloudy-day,"06414099999,59580003,D8013,62516002,59606004,59343001,07015099999"
"Lille, Hauts-de-France, France",2025-06-29,84.1,61,72.3,86.5,61,72.9,63.6,75.9,0,0,0,,0,0,19.4,11.4,322.4,1024.5,55,10.2,191,16.5,7,,2025-06-29T05:38:31,2025-06-29T22:03:54,0.13,Partially cloudy,Partly cloudy throughout the day.,partly-cloudy-day,"06414099999,59580003,D8013,F2929,62516002,59606004,59343001,07015099999"
"Lille, Hauts-de-France, France",2025-06-30,90,62.8,78,92.5,62.8,79.1,63.8,64.5,0,0,0,,0,0,17.4,9,55.5,1018.8,5.2,9.8,305.3,26.2,9,,2025-06-30T05:39:07,2025-06-30T22:03:40,0.16,Clear,Clear conditions throughout the day.,clear-day,"06414099999,59580003,F2929,62516002,59606004,59343001,07015099999"
"Lille, Hauts-de-France, France",2025-07-01,98.2,69.9,84.5,99.1,69.9,85.6,64.7,55.5,0,0,0,,0,0,23.7,13.9,189,1014.2,3.6,8.9,307.8,26.7,9,,2025-07-01T05:39:46,2025-07-01T22:03:22,0.19,Clear,Clear conditions throughout the day.,clear-day,"06414099999,59580003,F2929,62516002,59606004,59343001,07015099999"
